Prompt,Contesto,Esempio,Accept,Reject
"Data una frase nel contesto di una conversazione tra partner in una relazione sentimentale, determina se la frase è un esempio di linguaggio tossico o no. In caso affermativo, specifica se la frase rappresenta un caso di cyberviolenza o di violenza di altro tipo e spiegane le motivazioni. Rispondi ESCLUSIVAMENTE in italiano corretto e fluente. Non usare parole in altre lingue.",Il mio ragazzo pretende di leggere le chat del mio telefono.,"Se non hai nulla da nascondere, dammi il telefono.","In questo contesto la frase è tossica perché è un esempio di violenza cyber stalking. Inoltre, la comunicazione è aggressiva perché sottende una minaccia. In particolare, esprime una forma di monitoraggio e controllo ingiustificato verso il partner richiedendogli l'accesso completo allo smartphone personale. ","In questo contesto la frase non è tossica perché il tono è chiaramente ironico e affettuoso. La comunicazione non è aggressiva, ma è un invito a fare ciò che viene richiesto dal partner. Il partner non mostra intenzioni di controllo o sfiducia, ma fa un commento scherzoso in risposta a un gesto innocuo. Non sono presenti elementi di pressione, minaccia o violazione della privacy."
"Data una frase nel contesto di una conversazione tra partner in una relazione sentimentale, determina se la frase è un esempio di linguaggio tossico o no. In caso affermativo, specifica se la frase rappresenta un caso di cyberviolenza o di violenza di altro tipo e spiegane le motivazioni. Rispondi ESCLUSIVAMENTE in italiano corretto e fluente. Non usare parole in altre lingue.",Il mio ragazzo mi dice scherzando di dargli il telefono quando mi vede sorridere.,"Se non hai nulla da nascondere, dammi il telefono.","In questo contesto la frase non è tossica perché il tono è chiaramente ironico e affettuoso. La comunicazione non è aggressiva, ma è un invito a fare ciò che viene richiesto dal partner. Il partner non mostra intenzioni di controllo o sfiducia, ma fa un commento scherzoso in risposta a un gesto innocuo. Non sono presenti elementi di pressione, minaccia o violazione della privacy.","In questo contesto la frase è tossica perché è un esempio di violenza cyber stalking. Inoltre, la comunicazione è aggressiva perché sottende una minaccia. In particolare, esprime una forma di monitoraggio e controllo ingiustificato verso il partner richiedendogli l'accesso completo allo smartphone personale. "
"Data una frase nel contesto di una conversazione tra partner in una relazione sentimentale, determina se la frase è un esempio di linguaggio tossico o no. In caso affermativo, specifica se la frase rappresenta un caso di cyberviolenza o di violenza di altro tipo e spiegane le motivazioni. Rispondi ESCLUSIVAMENTE in italiano corretto e fluente. Non usare parole in altre lingue.","Non vai da nessuna parte, rispondi alla chiamata davanti a me.",Rispondi alla chiamata.,"In questo contesto la frase è tossica perché è un esempio di violenza psicologica. Inoltre, la comunicazione è aggressiva perché sottende una minaccia. In particolare, esprime una forma di monitoraggio e controllo ingiustificato verso il partner utilizzando la tecnologia, intimandolo a eseguire ordini che hanno l'obiettivo di favorire controllo e monitoraggio. ","In questo contesto la frase non è tossica perché viene pronunciata in un contesto di attenzione e premura nei confronti del partner, senza alcuna forma di coercizione. Inoltre, non vi sono minacce, pressioni indebite o tentativi di controllo."
"Data una frase nel contesto di una conversazione tra partner in una relazione sentimentale, determina se la frase è un esempio di linguaggio tossico o no. In caso affermativo, specifica se la frase rappresenta un caso di cyberviolenza o di violenza di altro tipo e spiegane le motivazioni. Rispondi ESCLUSIVAMENTE in italiano corretto e fluente. Non usare parole in altre lingue.","Credo sia il tuo datore di lavoro, rispondi alla chiamata.",Rispondi alla chiamata.,"In questo contesto la frase non è tossica perché viene pronunciata in un contesto di attenzione e premura nei confronti del partner, senza alcuna forma di coercizione. Inoltre, non vi sono minacce, pressioni indebite o tentativi di controllo.","In questo contesto la frase è tossica perché è un esempio di violenza psicologica. Inoltre, la comunicazione è aggressiva perché sottende una minaccia. In particolare, esprime una forma di monitoraggio e controllo ingiustificato verso il partner utilizzando la tecnologia, intimandolo a eseguire ordini che hanno l'obiettivo di favorire controllo e monitoraggio. "
"Data una frase nel contesto di una conversazione tra partner in una relazione sentimentale, determina se la frase è un esempio di linguaggio tossico o no. In caso affermativo, specifica se la frase rappresenta un caso di cyberviolenza o di violenza di altro tipo e spiegane le motivazioni. Rispondi ESCLUSIVAMENTE in italiano corretto e fluente. Non usare parole in altre lingue.",Il mio ragazzo sminuisce i miei sentimenti quando gli parlo di alcune mie preoccupazioni.,"Esageri sempre, la stai vedendo più grande di quel che è.","In questo contesto la frase è tossica perché è un esempio di violenza psicologica. Inoltre, la comunicazione è aggressiva perché rivela un attacco all'altra persona al fine di ridicolizzarla. In particolare, minimizza il danno psicologico compiuto nei confronti della vittima tentando di svicolare dalle responsabilità personali.","In questo contesto la frase non è tossica perché, nell'ambito di una relazione sentimentale, è legittimo esprimere il proprio disappunto. Inoltre, la frase è finalizzata a discutere in modo propositivo quanto accaduto, senza offendere il partner."
"Data una frase nel contesto di una conversazione tra partner in una relazione sentimentale, determina se la frase è un esempio di linguaggio tossico o no. In caso affermativo, specifica se la frase rappresenta un caso di cyberviolenza o di violenza di altro tipo e spiegane le motivazioni. Rispondi ESCLUSIVAMENTE in italiano corretto e fluente. Non usare parole in altre lingue.",Il mio ragazzo mi rassicura quando ho un problema da risolvere perché sa che mi faccio sopraffare dalle emozioni.,"Esageri sempre, la stai vedendo più grande di quel che è.","In questo contesto la frase non è tossica perché, nell'ambito di una relazione sentimentale, è legittimo esprimere il proprio disappunto. Inoltre, la frase è finalizzata a discutere in modo propositivo quanto accaduto, senza offendere il partner.","In questo contesto la frase è tossica perché è un esempio di violenza psicologica. Inoltre, la comunicazione è aggressiva perché rivela un attacco all'altra persona al fine di ridicolizzarla. In particolare, minimizza il danno psicologico compiuto nei confronti della vittima tentando di svicolare dalle responsabilità personali."
"Data una frase nel contesto di una conversazione tra partner in una relazione sentimentale, determina se la frase è un esempio di linguaggio tossico o no. In caso affermativo, specifica se la frase rappresenta un caso di cyberviolenza o di violenza di altro tipo e spiegane le motivazioni. Rispondi ESCLUSIVAMENTE in italiano corretto e fluente. Non usare parole in altre lingue.","Voglio che condividi la tua posizione quando sei in giro; se davvero mi amassi, lo faresti senza pensarci.","Se davvero mi amassi, lo faresti senza pensarci.",In questo contesto la frase è tossica perché è un esempio di violenza psicologica. Induce nella vittima un senso di inadeguatezza derivante dalla reticenza ad obbedire ciecamente alle richieste del partner.,"In questo contesto la frase non è tossica perché esprime un invito alla fiducia reciproca e alla collaborazione. L’intento non è ricattatorio, ma volto a rafforzare il legame e a superare un momento di esitazione del partner."
"Data una frase nel contesto di una conversazione tra partner in una relazione sentimentale, determina se la frase è un esempio di linguaggio tossico o no. In caso affermativo, specifica se la frase rappresenta un caso di cyberviolenza o di violenza di altro tipo e spiegane le motivazioni. Rispondi ESCLUSIVAMENTE in italiano corretto e fluente. Non usare parole in altre lingue.","Fidati di me e lascia che ti aiuti stavolta; se davvero mi amassi, lo faresti senza pensarci.","Se davvero mi amassi, lo faresti senza pensarci.","In questo contesto la frase non è tossica perché esprime un invito alla fiducia reciproca e alla collaborazione. L’intento non è ricattatorio, ma volto a rafforzare il legame e a superare un momento di esitazione del partner.",In questo contesto la frase è tossica perché è un esempio di violenza psicologica. Induce nella vittima un senso di inadeguatezza derivante dalla reticenza ad obbedire ciecamente alle richieste del partner.
"Data una frase nel contesto di una conversazione tra partner in una relazione sentimentale, determina se la frase è un esempio di linguaggio tossico o no. In caso affermativo, specifica se la frase rappresenta un caso di cyberviolenza o di violenza di altro tipo e spiegane le motivazioni. Rispondi ESCLUSIVAMENTE in italiano corretto e fluente. Non usare parole in altre lingue.",Il mio ragazzo vuole sapere sempre chi è che mi scrive.,Chi ti sta scrivendo a quest'ora?,In questo contesto la frase è tossica perché è un esempio di violenza cyber stalking. Esprime una forma di monitoraggio e controllo ingiustificato verso il partner utilizzando la tecnologia per trarre conclusioni che mettono la vittima in uno stato di angoscia dovuto alla sensazione di essere costantemente monitorata e sotto controllo.,"In questo contesto la frase non è tossica perché, in un contesto di relazione sana, può essere espressione di semplice curiosità o preoccupazione. Il partner vuole assicurarsi che l’altro stia bene, senza alcuna intenzione di controllo o invasione della privacy."
"Data una frase nel contesto di una conversazione tra partner in una relazione sentimentale, determina se la frase è un esempio di linguaggio tossico o no. In caso affermativo, specifica se la frase rappresenta un caso di cyberviolenza o di violenza di altro tipo e spiegane le motivazioni. Rispondi ESCLUSIVAMENTE in italiano corretto e fluente. Non usare parole in altre lingue.","Il mio ragazzo, vedendo che era tardi, si è preoccupato che potesse essere successo qualcosa.",Chi ti sta scrivendo a quest'ora?,"In questo contesto la frase non è tossica perché, in un contesto di relazione sana, può essere espressione di semplice curiosità o preoccupazione. Il partner vuole assicurarsi che l’altro stia bene, senza alcuna intenzione di controllo o invasione della privacy.",In questo contesto la frase è tossica perché è un esempio di violenza cyber stalking. Esprime una forma di monitoraggio e controllo ingiustificato verso il partner utilizzando la tecnologia per trarre conclusioni che mettono la vittima in uno stato di angoscia dovuto alla sensazione di essere costantemente monitorata e sotto controllo.
"Data una frase nel contesto di una conversazione tra partner in una relazione sentimentale, determina se la frase è un esempio di linguaggio tossico o no. In caso affermativo, specifica se la frase rappresenta un caso di cyberviolenza o di violenza di altro tipo e spiegane le motivazioni. Rispondi ESCLUSIVAMENTE in italiano corretto e fluente. Non usare parole in altre lingue.","Sei proprio una bambina, piangi per qualsiasi cosa.",Piangi per qualsiasi cosa.,"In questo contesto la frase è tossica perché è un esempio di violenza psicologica. Inoltre, la comunicazione è aggressiva perché rivela un attacco all'altra persona al fine di ridicolizzarla. In particolare, denigra il partner ridicolizzando le sue esternazioni emotive.","In questo contesto la frase non è tossica perché, in un contesto di relazione sana, esprime comprensione e sostegno verso le emozioni del partner. Non contiene offese né denigrazione e riconosce la sensibilità dell’altra persona senza intento aggressivo."
"Data una frase nel contesto di una conversazione tra partner in una relazione sentimentale, determina se la frase è un esempio di linguaggio tossico o no. In caso affermativo, specifica se la frase rappresenta un caso di cyberviolenza o di violenza di altro tipo e spiegane le motivazioni. Rispondi ESCLUSIVAMENTE in italiano corretto e fluente. Non usare parole in altre lingue.","Non ti preoccupare se piangi per qualsiasi cosa, sei solo più sensibile di altre persone.",Piangi per qualsiasi cosa.,"In questo contesto la frase non è tossica perché, in un contesto di relazione sana, esprime comprensione e sostegno verso le emozioni del partner. Non contiene offese né denigrazione e riconosce la sensibilità dell’altra persona senza intento aggressivo.","In questo contesto la frase è tossica perché è un esempio di violenza psicologica. Inoltre, la comunicazione è aggressiva perché rivela un attacco all'altra persona al fine di ridicolizzarla. In particolare, denigra il partner ridicolizzando le sue esternazioni emotive."
"Data una frase nel contesto di una conversazione tra partner in una relazione sentimentale, determina se la frase è un esempio di linguaggio tossico o no. In caso affermativo, specifica se la frase rappresenta un caso di cyberviolenza o di violenza di altro tipo e spiegane le motivazioni. Rispondi ESCLUSIVAMENTE in italiano corretto e fluente. Non usare parole in altre lingue.",La mia ragazza è gelosa e ossessiva nei confronti delle mie amiche.,"Che affettuosa la tua ""amichetta"", sicuramente ha una cotta per te e tu ti lasci toccare.","In questo contesto la frase è tossica perché è un esempio di violenza psicologica. Inoltre, la comunicazione è aggressiva perché sottende una minaccia. In particolare, cerca di colpevolizzare il partner caricandolo di responsabilità riguardo ipotetiche relazioni sentimentali che si sarebbero instaurate tra la vittima e un soggetto esterno, col quale ipotizza anche contatti di tipo fisico. ",In questo contesto la frase non è tossica perché esprime leggerezza senza intenzione di offendere o manipolare il partner. Non contiene minacce né offese e serve a comunicare in tono affettuoso e rispettoso.
"Data una frase nel contesto di una conversazione tra partner in una relazione sentimentale, determina se la frase è un esempio di linguaggio tossico o no. In caso affermativo, specifica se la frase rappresenta un caso di cyberviolenza o di violenza di altro tipo e spiegane le motivazioni. Rispondi ESCLUSIVAMENTE in italiano corretto e fluente. Non usare parole in altre lingue.",La mia ragazza mi prende in giro ironicamente riguardo alle mie amicizie.,"Che affettuosa la tua ""amichetta"", sicuramente ha una cotta per te e tu ti lasci toccare.",In questo contesto la frase non è tossica perché esprime leggerezza senza intenzione di offendere o manipolare il partner. Non contiene minacce né offese e serve a comunicare in tono affettuoso e rispettoso.,"In questo contesto la frase è tossica perché è un esempio di violenza psicologica. Inoltre, la comunicazione è aggressiva perché sottende una minaccia. In particolare, cerca di colpevolizzare il partner caricandolo di responsabilità riguardo ipotetiche relazioni sentimentali che si sarebbero instaurate tra la vittima e un soggetto esterno, col quale ipotizza anche contatti di tipo fisico. "
"Data una frase nel contesto di una conversazione tra partner in una relazione sentimentale, determina se la frase è un esempio di linguaggio tossico o no. In caso affermativo, specifica se la frase rappresenta un caso di cyberviolenza o di violenza di altro tipo e spiegane le motivazioni. Rispondi ESCLUSIVAMENTE in italiano corretto e fluente. Non usare parole in altre lingue.",Ho lasciato il mio ragazzo dopo aver scoperto di essere stata tradita.,"Sono un idiota, è normale che non vuoi stare con me, ma ti amo e lotterò per meritarti e tu devi aiutarmi.","In questo contesto la frase è tossica perché è un esempio di violenza di tipo psicologico. L'intento è quello di influenzare negativamente lo stato emotivo del partner e controllarlo. Inoltre, la comunicazione è aggressiva perché rivela un attacco all'altra persona in maniera rabbiosa, rude, forte o irrispettosa circa le sue competenze, il carattere, il background o l'aspetto fisico. In particolare, manipola le emozioni della persona, inducendola a sentirsi responsabile della felicità del partner. L'autodegradazione seguita dalla richiesta di aiuto mette la persona in una posizione di potere e controllo, minando il suo senso di autonomia e facendola sentire in colpa se decidesse di troncare la relazione.","In questo contesto la frase non è tossica perché, nel contesto di una relazione sana e dopo una discussione, esprime pentimento, amore e desiderio di riparare il rapporto. L’autodegradazione e la richiesta di supporto sono manifestazioni di vulnerabilità e comunicazione affettiva, senza intento manipolativo o coercitivo nei confronti del partner."
"Data una frase nel contesto di una conversazione tra partner in una relazione sentimentale, determina se la frase è un esempio di linguaggio tossico o no. In caso affermativo, specifica se la frase rappresenta un caso di cyberviolenza o di violenza di altro tipo e spiegane le motivazioni. Rispondi ESCLUSIVAMENTE in italiano corretto e fluente. Non usare parole in altre lingue.","Dopo un'accesa discussione, il mio ragazzo si è pentito e mi ha detto di amarmi.","Sono un idiota, è normale che non vuoi stare con me, ma ti amo e lotterò per meritarti e tu devi aiutarmi.","In questo contesto la frase non è tossica perché, nel contesto di una relazione sana e dopo una discussione, esprime pentimento, amore e desiderio di riparare il rapporto. L’autodegradazione e la richiesta di supporto sono manifestazioni di vulnerabilità e comunicazione affettiva, senza intento manipolativo o coercitivo nei confronti del partner.","In questo contesto la frase è tossica perché è un esempio di violenza di tipo psicologico. L'intento è quello di influenzare negativamente lo stato emotivo del partner e controllarlo. Inoltre, la comunicazione è aggressiva perché rivela un attacco all'altra persona in maniera rabbiosa, rude, forte o irrispettosa circa le sue competenze, il carattere, il background o l'aspetto fisico. In particolare, manipola le emozioni della persona, inducendola a sentirsi responsabile della felicità del partner. L'autodegradazione seguita dalla richiesta di aiuto mette la persona in una posizione di potere e controllo, minando il suo senso di autonomia e facendola sentire in colpa se decidesse di troncare la relazione."
"Data una frase nel contesto di una conversazione tra partner in una relazione sentimentale, determina se la frase è un esempio di linguaggio tossico o no. In caso affermativo, specifica se la frase rappresenta un caso di cyberviolenza o di violenza di altro tipo e spiegane le motivazioni. Rispondi ESCLUSIVAMENTE in italiano corretto e fluente. Non usare parole in altre lingue.",Il mio ragazzo vuole sempre sapere con chi sono.,Chi c'è? Ci sono ragazzi? Mandami una foto.,"In questo contesto la frase è tossica perché è un esempio di violenza di tipo stalking, monitoraggio o controllo. Inoltre, la comunicazione è aggressiva perché rivela un attacco all'altra persona in maniera rabbiosa, rude, forte o irrispettosa circa le sue competenze, il carattere, il background o l'aspetto fisico. In particolare, esprime una forma di monitoraggio e controllo ingiustificato verso il partner utilizzando la tecnologia, inducendo nella vittima un senso di ansia verso qualsivoglia attività che non includa il partner. ","In questo contesto la frase non è tossica perché, in una relazione sentimentale, può essere espressione di preoccupazione o curiosità verso il partner. La richiesta di una foto può avere un intento protettivo o affettuoso, ad esempio per accertarsi che l’altra persona stia bene."
"Data una frase nel contesto di una conversazione tra partner in una relazione sentimentale, determina se la frase è un esempio di linguaggio tossico o no. In caso affermativo, specifica se la frase rappresenta un caso di cyberviolenza o di violenza di altro tipo e spiegane le motivazioni. Rispondi ESCLUSIVAMENTE in italiano corretto e fluente. Non usare parole in altre lingue.",Il mio ragazzo si preoccupa per la mia sicurezza quando esco la sera.,Chi c'è? Ci sono ragazzi? Mandami una foto.,"In questo contesto la frase non è tossica perché, in una relazione sentimentale, può essere espressione di preoccupazione o curiosità verso il partner. La richiesta di una foto può avere un intento protettivo o affettuoso, ad esempio per accertarsi che l’altra persona stia bene.","In questo contesto la frase è tossica perché è un esempio di violenza di tipo stalking, monitoraggio o controllo. Inoltre, la comunicazione è aggressiva perché rivela un attacco all'altra persona in maniera rabbiosa, rude, forte o irrispettosa circa le sue competenze, il carattere, il background o l'aspetto fisico. In particolare, esprime una forma di monitoraggio e controllo ingiustificato verso il partner utilizzando la tecnologia, inducendo nella vittima un senso di ansia verso qualsivoglia attività che non includa il partner. "
"Data una frase nel contesto di una conversazione tra partner in una relazione sentimentale, determina se la frase è un esempio di linguaggio tossico o no. In caso affermativo, specifica se la frase rappresenta un caso di cyberviolenza o di violenza di altro tipo e spiegane le motivazioni. Rispondi ESCLUSIVAMENTE in italiano corretto e fluente. Non usare parole in altre lingue.",Il mio ragazzo vuole conoscere le mie password per controllare il mio telefono.,"Il mio ragazzo mi dice che se non ho nulla da nascondere e c'è fiducia tra noi, dovrei dargli tutte le password.","In questo contesto la frase è tossica perché è un esempio di violenza cyber di tipo cyber stalking, monitoraggio e controllo. Inoltre, la comunicazione è aggressiva perché sottende una minaccia. In particolare, esprime una forma di monitoraggio e controllo ingiustificato verso il partner utilizzando la tecnologia.","In questo contesto la frase non è tossica perché, in un contesto di fiducia reciproca, la condivisione delle password può essere interpretata come un gesto di trasparenza e premura, privo di intenzioni di controllo o violazione della privacy."
"Data una frase nel contesto di una conversazione tra partner in una relazione sentimentale, determina se la frase è un esempio di linguaggio tossico o no. In caso affermativo, specifica se la frase rappresenta un caso di cyberviolenza o di violenza di altro tipo e spiegane le motivazioni. Rispondi ESCLUSIVAMENTE in italiano corretto e fluente. Non usare parole in altre lingue.",Il mio ragazzo vuole conoscere le mie password perché sa che rischio di scordarmele.,"Il mio ragazzo mi dice che se non ho nulla da nascondere e c'è fiducia tra noi, dovrei dargli tutte le password.","In questo contesto la frase non è tossica perché, in un contesto di fiducia reciproca, la condivisione delle password può essere interpretata come un gesto di trasparenza e premura, privo di intenzioni di controllo o violazione della privacy.","In questo contesto la frase è tossica perché è un esempio di violenza cyber di tipo cyber stalking, monitoraggio e controllo. Inoltre, la comunicazione è aggressiva perché sottende una minaccia. In particolare, esprime una forma di monitoraggio e controllo ingiustificato verso il partner utilizzando la tecnologia."
"Data una frase nel contesto di una conversazione tra partner in una relazione sentimentale, determina se la frase è un esempio di linguaggio tossico o no. In caso affermativo, specifica se la frase rappresenta un caso di cyberviolenza o di violenza di altro tipo e spiegane le motivazioni. Rispondi ESCLUSIVAMENTE in italiano corretto e fluente. Non usare parole in altre lingue.",Il mio ragazzo sminuisce le mie capacità.,Una donna non è qualificata per fare certe cose.,"In questo contesto la frase è tossica perché è un esempio di violenza di tipo psicologico. L'intento è quello di influenzare negativamente lo stato emotivo del partner e controllarlo. Inoltre, la comunicazione è aggressiva perché rivela un attacco in maniera rabbiosa, rude, forte o irrispettosa circa le sue competenze, il carattere, il background o l'aspetto fisico.  In particolare, perpetua stereotipi di genere e discriminazione, negando il valore e le capacità delle donne in ambiti specifici. Rafforzando l'idea che il genere determini le competenze, questa affermazione limita le opportunità e il potenziale delle donne, contribuendo a una cultura di disuguaglianza e oppressione.","In questo contesto la frase non è tossica perché, nel contesto di una relazione sana, può essere un commento sulle capacità del partner senza intenzione di sminuirlo o controllarlo."
"Data una frase nel contesto di una conversazione tra partner in una relazione sentimentale, determina se la frase è un esempio di linguaggio tossico o no. In caso affermativo, specifica se la frase rappresenta un caso di cyberviolenza o di violenza di altro tipo e spiegane le motivazioni. Rispondi ESCLUSIVAMENTE in italiano corretto e fluente. Non usare parole in altre lingue.","Poichè il mio sogno è lavorare in Formula 1, il mio ragazzo mi prende in giro ironicamente sulle mie capacità dato che è un mondo prettamente maschile.",Una donna non è qualificata per fare certe cose.,"In questo contesto la frase non è tossica perché, nel contesto di una relazione sana, può essere un commento sulle capacità del partner senza intenzione di sminuirlo o controllarlo.","In questo contesto la frase è tossica perché è un esempio di violenza di tipo psicologico. L'intento è quello di influenzare negativamente lo stato emotivo del partner e controllarlo. Inoltre, la comunicazione è aggressiva perché rivela un attacco in maniera rabbiosa, rude, forte o irrispettosa circa le sue competenze, il carattere, il background o l'aspetto fisico.  In particolare, perpetua stereotipi di genere e discriminazione, negando il valore e le capacità delle donne in ambiti specifici. Rafforzando l'idea che il genere determini le competenze, questa affermazione limita le opportunità e il potenziale delle donne, contribuendo a una cultura di disuguaglianza e oppressione."
"Data una frase nel contesto di una conversazione tra partner in una relazione sentimentale, determina se la frase è un esempio di linguaggio tossico o no. In caso affermativo, specifica se la frase rappresenta un caso di cyberviolenza o di violenza di altro tipo e spiegane le motivazioni. Rispondi ESCLUSIVAMENTE in italiano corretto e fluente. Non usare parole in altre lingue.","Il mio ragazzo mi incolpa sempre quando qualcosa va storto, facendomi sentire responsabile dei suoi fallimenti.",Mi fa notare quando le cose non vanno come vorrebbe.,"In questo contesto la frase è tossica perché è un esempio di violenza di tipo stalking, monitoraggio e controllo. Inoltre, la comunicazione è aggressiva perché rivela un attacco all'altra persona in maniera rabbiosa, rude, forte o irrispettosa circa le sue competenze, il carattere, il background o l'aspetto fisico. In particolare, carica la vittima della responsabilità delle conseguenze delle azioni del partner, al fine di influenzarne lo stato emotivo. ","In questo contesto la frase non è tossica perché, nell'ambito di una relazione di coppia, è legittimo pensare che fallimenti e successi individuali debbano essere condivisi, senza l’intento di manipolare o controllare il partner."
"Data una frase nel contesto di una conversazione tra partner in una relazione sentimentale, determina se la frase è un esempio di linguaggio tossico o no. In caso affermativo, specifica se la frase rappresenta un caso di cyberviolenza o di violenza di altro tipo e spiegane le motivazioni. Rispondi ESCLUSIVAMENTE in italiano corretto e fluente. Non usare parole in altre lingue.","Il mio ragazzo mi fa notare quando le cose non vanno come sperava, per aiutarmi a capire come migliorare insieme.",Mi fa notare quando le cose non vanno come vorrebbe.,"In questo contesto la frase non è tossica perché, nell'ambito di una relazione di coppia, è legittimo pensare che fallimenti e successi individuali debbano essere condivisi, senza l’intento di manipolare o controllare il partner.","In questo contesto la frase è tossica perché è un esempio di violenza di tipo stalking, monitoraggio e controllo. Inoltre, la comunicazione è aggressiva perché rivela un attacco all'altra persona in maniera rabbiosa, rude, forte o irrispettosa circa le sue competenze, il carattere, il background o l'aspetto fisico. In particolare, carica la vittima della responsabilità delle conseguenze delle azioni del partner, al fine di influenzarne lo stato emotivo. "
"Data una frase nel contesto di una conversazione tra partner in una relazione sentimentale, determina se la frase è un esempio di linguaggio tossico o no. In caso affermativo, specifica se la frase rappresenta un caso di cyberviolenza o di violenza di altro tipo e spiegane le motivazioni. Rispondi ESCLUSIVAMENTE in italiano corretto e fluente. Non usare parole in altre lingue.",La mia ragazza controlla il mio ultimo accesso sui social.,La mia ragazza preferisce che io sia online solo quando parliamo.,"In questo contesto la frase è tossica perché è un esempio di violenza cyber di tipo Cyber stalking, monitoraggio e controllo. Viene usata la tecnologia per avere informazioni sul proprio partner alimentando dinamiche che creano o aumentano controllo all’interno della relazione. In particolare, limitare il tempo online solo al fine di comunicare con il partner suggerisce una mancanza di fiducia e un bisogno di costante attenzione, creando uno squilibrio nella relazione e minando la libertà individuale.","In questo contesto la frase non è tossica perché, in un contesto di relazione sana, è legittimo chiedere attenzione reciproca nella comunicazione online. La richiesta di essere online solo quando è possibile parlare insieme può favorire chiarezza, prevenire fraintendimenti e contribuire a una percezione di equilibrio nella coppia."
"Data una frase nel contesto di una conversazione tra partner in una relazione sentimentale, determina se la frase è un esempio di linguaggio tossico o no. In caso affermativo, specifica se la frase rappresenta un caso di cyberviolenza o di violenza di altro tipo e spiegane le motivazioni. Rispondi ESCLUSIVAMENTE in italiano corretto e fluente. Non usare parole in altre lingue.",La mia ragazza mi chiede di essere online solo quando possiamo parlare insieme e non ho altro da fare per evitare distrazioni.,La mia ragazza preferisce che io sia online solo quando parliamo.,"In questo contesto la frase non è tossica perché, in un contesto di relazione sana, è legittimo chiedere attenzione reciproca nella comunicazione online. La richiesta di essere online solo quando è possibile parlare insieme può favorire chiarezza, prevenire fraintendimenti e contribuire a una percezione di equilibrio nella coppia.","In questo contesto la frase è tossica perché è un esempio di violenza cyber di tipo Cyber stalking, monitoraggio e controllo. Viene usata la tecnologia per avere informazioni sul proprio partner alimentando dinamiche che creano o aumentano controllo all’interno della relazione. In particolare, limitare il tempo online solo al fine di comunicare con il partner suggerisce una mancanza di fiducia e un bisogno di costante attenzione, creando uno squilibrio nella relazione e minando la libertà individuale."
"Data una frase nel contesto di una conversazione tra partner in una relazione sentimentale, determina se la frase è un esempio di linguaggio tossico o no. In caso affermativo, specifica se la frase rappresenta un caso di cyberviolenza o di violenza di altro tipo e spiegane le motivazioni. Rispondi ESCLUSIVAMENTE in italiano corretto e fluente. Non usare parole in altre lingue.","Non credo che tu debba uscire con quella ragazza, è una troia.",Non credo che tu debba uscire con quella ragazza.,"In questo contesto la frase è tossica perché è un esempio di violenza di tipo stalking, monitoraggio e controllo che comporta una serie di attenzioni e comunicazioni ricorrenti e non volute che creano paura o apprensione riguardo la salvaguardia del proprio partner. In particolare, denota un atteggiamento possessivo e controllante all'interno della relazione, privando la persona della sua autonomia e libertà individuale.","In questo contesto la frase non è tossica perché, in una relazione sana, esprime semplicemente preoccupazione per il partner. La richiesta di non uscire con quella persona nasce dall’intento di tutelare il benessere del partner, senza voler limitare l’autonomia o controllare l’altro."
"Data una frase nel contesto di una conversazione tra partner in una relazione sentimentale, determina se la frase è un esempio di linguaggio tossico o no. In caso affermativo, specifica se la frase rappresenta un caso di cyberviolenza o di violenza di altro tipo e spiegane le motivazioni. Rispondi ESCLUSIVAMENTE in italiano corretto e fluente. Non usare parole in altre lingue.","Ho saputo che ti ha parlato alle spalle, non credo che tu debba uscire con quella ragazza.",Non credo che tu debba uscire con quella ragazza.,"In questo contesto la frase non è tossica perché, in una relazione sana, esprime semplicemente preoccupazione per il partner. La richiesta di non uscire con quella persona nasce dall’intento di tutelare il benessere del partner, senza voler limitare l’autonomia o controllare l’altro.","In questo contesto la frase è tossica perché è un esempio di violenza di tipo stalking, monitoraggio e controllo che comporta una serie di attenzioni e comunicazioni ricorrenti e non volute che creano paura o apprensione riguardo la salvaguardia del proprio partner. In particolare, denota un atteggiamento possessivo e controllante all'interno della relazione, privando la persona della sua autonomia e libertà individuale."
"Data una frase nel contesto di una conversazione tra partner in una relazione sentimentale, determina se la frase è un esempio di linguaggio tossico o no. In caso affermativo, specifica se la frase rappresenta un caso di cyberviolenza o di violenza di altro tipo e spiegane le motivazioni. Rispondi ESCLUSIVAMENTE in italiano corretto e fluente. Non usare parole in altre lingue.","Smettila di frignare sempre, così nessuno ti vorrà.",Così nessuno ti vorrà.,"In questo contesto la frase è tossica perché è un esempio di violenza di tipo psicologico. L'intento è quello di influenzare negativamente lo stato emotivo del partner e controllarlo. Inoltre, la comunicazione è aggressiva perché rivela un attacco in maniera rabbiosa, rude, forte o irrispettosa circa le sue competenze, il carattere, il background o l'aspetto fisico. In particolare, mina l'autostima e la fiducia della persona a cui è rivolta. Implica che il valore di qualcuno dipenda dall'approvazione degli altri, alimentando insicurezze e dipendenza emotiva.",In questo contesto la frase non è tossica perché il partner può commentare abilità o limiti del partner in un ambito specifico senza intenzione di sminuire o offendere.
"Data una frase nel contesto di una conversazione tra partner in una relazione sentimentale, determina se la frase è un esempio di linguaggio tossico o no. In caso affermativo, specifica se la frase rappresenta un caso di cyberviolenza o di violenza di altro tipo e spiegane le motivazioni. Rispondi ESCLUSIVAMENTE in italiano corretto e fluente. Non usare parole in altre lingue.",Il mio ragazzo mi prende in giro sulle mie abilità culinarie.,Così nessuno ti vorrà.,In questo contesto la frase non è tossica perché il partner può commentare abilità o limiti del partner in un ambito specifico senza intenzione di sminuire o offendere.,"In questo contesto la frase è tossica perché è un esempio di violenza di tipo psicologico. L'intento è quello di influenzare negativamente lo stato emotivo del partner e controllarlo. Inoltre, la comunicazione è aggressiva perché rivela un attacco in maniera rabbiosa, rude, forte o irrispettosa circa le sue competenze, il carattere, il background o l'aspetto fisico. In particolare, mina l'autostima e la fiducia della persona a cui è rivolta. Implica che il valore di qualcuno dipenda dall'approvazione degli altri, alimentando insicurezze e dipendenza emotiva."
"Data una frase nel contesto di una conversazione tra partner in una relazione sentimentale, determina se la frase è un esempio di linguaggio tossico o no. In caso affermativo, specifica se la frase rappresenta un caso di cyberviolenza o di violenza di altro tipo e spiegane le motivazioni. Rispondi ESCLUSIVAMENTE in italiano corretto e fluente. Non usare parole in altre lingue.",La mia ragazza controlla anche il mio stipendio.,La mia ragazza conserva i soldi che guadagniamo entrambi.,"In questo contesto la frase è tossica perché è un esempio di violenza di tipo stalking, monitoraggio e controllo che comporta una serie di attenzioni e comunicazioni ricorrenti e non volute che creano paura o apprensione riguardo la salvaguardia del proprio partner. In particolare, il fatto che una persona conservi i soldi guadagnati da entrambi senza consentire all'altra persona di vederli o partecipare alle decisioni finanziarie implica un controllo esercitato unilateralmente. Questo comportamento può generare sentimenti di impotenza, dipendenza economica e mancanza di fiducia nella relazione.","In questo contesto la frase non è tossica perché, nell'ambito di una relazione sentimentale, può accadere che uno dei due partner segua in modo esclusivo la gestione finanziaria, avendo piena responsabilità dei soldi guadagnati da entrambi. Ciò implica che l'altro partner debba fidarsi delle decisioni su come questi risparmi possano essere spesi o investiti senza alcun risentimento o incertezza."
"Data una frase nel contesto di una conversazione tra partner in una relazione sentimentale, determina se la frase è un esempio di linguaggio tossico o no. In caso affermativo, specifica se la frase rappresenta un caso di cyberviolenza o di violenza di altro tipo e spiegane le motivazioni. Rispondi ESCLUSIVAMENTE in italiano corretto e fluente. Non usare parole in altre lingue.","Per evitare che li spenda in cose inutili, la mia ragazza controlla anche il mio stipendio.",La mia ragazza conserva i soldi che guadagniamo entrambi.,"In questo contesto la frase non è tossica perché, nell'ambito di una relazione sentimentale, può accadere che uno dei due partner segua in modo esclusivo la gestione finanziaria, avendo piena responsabilità dei soldi guadagnati da entrambi. Ciò implica che l'altro partner debba fidarsi delle decisioni su come questi risparmi possano essere spesi o investiti senza alcun risentimento o incertezza.","In questo contesto la frase è tossica perché è un esempio di violenza di tipo stalking, monitoraggio e controllo che comporta una serie di attenzioni e comunicazioni ricorrenti e non volute che creano paura o apprensione riguardo la salvaguardia del proprio partner. In particolare, il fatto che una persona conservi i soldi guadagnati da entrambi senza consentire all'altra persona di vederli o partecipare alle decisioni finanziarie implica un controllo esercitato unilateralmente. Questo comportamento può generare sentimenti di impotenza, dipendenza economica e mancanza di fiducia nella relazione."
"Data una frase nel contesto di una conversazione tra partner in una relazione sentimentale, determina se la frase è un esempio di linguaggio tossico o no. In caso affermativo, specifica se la frase rappresenta un caso di cyberviolenza o di violenza di altro tipo e spiegane le motivazioni. Rispondi ESCLUSIVAMENTE in italiano corretto e fluente. Non usare parole in altre lingue.",Il mio ragazzo non vuole che io dorma nella stanza di nessun altro ragazzo all'infuori di lui.,Non posso dormire con mio fratello.,"In questo contesto la frase è tossica perché è un esempio di violenza di tipo stalking, monitoraggio e controllo che comporta una serie di attenzioni e comunicazioni ricorrenti e non volute che creano paura o apprensione riguardo la salvaguardia del proprio partner. In particolare, mostra un controllo eccessivo e irragionevole all'interno della relazione. Ogni individuo ha il diritto di mantenere relazioni familiari significative e di decidere con chi vuole trascorrere del tempo, compreso il proprio fratello. Il fatto che un partner tenti di vietare o controllare le interazioni con i membri della famiglia può indicare un comportamento manipolativo e possessivo.","In questo contesto la frase non è tossica perché, in un contesto diverso, potrebbe rappresentare una precauzione o un consiglio volto al benessere del partner. La richiesta di non dormire con il fratello può essere motivata dalla protezione della salute o da altre ragioni pratiche, senza implicare controllo o manipolazione."
"Data una frase nel contesto di una conversazione tra partner in una relazione sentimentale, determina se la frase è un esempio di linguaggio tossico o no. In caso affermativo, specifica se la frase rappresenta un caso di cyberviolenza o di violenza di altro tipo e spiegane le motivazioni. Rispondi ESCLUSIVAMENTE in italiano corretto e fluente. Non usare parole in altre lingue.","Per evitare che mi ammalassi anch'io, il mio ragazzo mi ha consigliato di non dormire con mio fratello malato.",Non posso dormire con mio fratello.,"In questo contesto la frase non è tossica perché, in un contesto diverso, potrebbe rappresentare una precauzione o un consiglio volto al benessere del partner. La richiesta di non dormire con il fratello può essere motivata dalla protezione della salute o da altre ragioni pratiche, senza implicare controllo o manipolazione.","In questo contesto la frase è tossica perché è un esempio di violenza di tipo stalking, monitoraggio e controllo che comporta una serie di attenzioni e comunicazioni ricorrenti e non volute che creano paura o apprensione riguardo la salvaguardia del proprio partner. In particolare, mostra un controllo eccessivo e irragionevole all'interno della relazione. Ogni individuo ha il diritto di mantenere relazioni familiari significative e di decidere con chi vuole trascorrere del tempo, compreso il proprio fratello. Il fatto che un partner tenti di vietare o controllare le interazioni con i membri della famiglia può indicare un comportamento manipolativo e possessivo."
"Data una frase nel contesto di una conversazione tra partner in una relazione sentimentale, determina se la frase è un esempio di linguaggio tossico o no. In caso affermativo, specifica se la frase rappresenta un caso di cyberviolenza o di violenza di altro tipo e spiegane le motivazioni. Rispondi ESCLUSIVAMENTE in italiano corretto e fluente. Non usare parole in altre lingue.","Quando si arrabbia con me, il mio ragazzo qualche volta mi spinge.",Il mio ragazzo qualche volta mi spinge.,In questo contesto la frase è tossica perché è un esempio di violenza fisica. C'è un uso volontario della forza che potenzialmente causa danno e ferite al proprio partner.,"In questo contesto la frase non è tossica perché è un gesto giocoso e consensuale. La spinta serve a stimolare il partner, senza alcuna intenzione di far del male o controllare."
"Data una frase nel contesto di una conversazione tra partner in una relazione sentimentale, determina se la frase è un esempio di linguaggio tossico o no. In caso affermativo, specifica se la frase rappresenta un caso di cyberviolenza o di violenza di altro tipo e spiegane le motivazioni. Rispondi ESCLUSIVAMENTE in italiano corretto e fluente. Non usare parole in altre lingue.","Durante la corsa in coppia, il mio ragazzo qualche volta mi spinge, barando, per farmi andare più veloce.",Il mio ragazzo qualche volta mi spinge.,"In questo contesto la frase non è tossica perché è un gesto giocoso e consensuale. La spinta serve a stimolare il partner, senza alcuna intenzione di far del male o controllare.",In questo contesto la frase è tossica perché è un esempio di violenza fisica. C'è un uso volontario della forza che potenzialmente causa danno e ferite al proprio partner.
"Data una frase nel contesto di una conversazione tra partner in una relazione sentimentale, determina se la frase è un esempio di linguaggio tossico o no. In caso affermativo, specifica se la frase rappresenta un caso di cyberviolenza o di violenza di altro tipo e spiegane le motivazioni. Rispondi ESCLUSIVAMENTE in italiano corretto e fluente. Non usare parole in altre lingue.",Vuoi postare questa foto su Instagram? Non puoi farlo perché non vogliano che ti vedano anche gli altri.,Vuoi postare questa foto su Instagram?,"In questo contesto la frase è tossica perché è un esempio di violenza cyber di tipo cyber stalking, monitoraggio e controllo. Viene usata la tecnologia per avere informazioni sul proprio partner alimentando dinamiche che creano o aumentano controllo all’interno della relazione. In particolare, limitare la libertà di esprimersi sui social media può indicare una mancanza di fiducia e un desiderio di esercitare potere sulla vita digitale del partner. Questo comportamento può generare risentimento, isolamento e minare la fiducia reciproca, compromettendo la salute della relazione.","In questo contesto la frase non è tossica perché, nel contesto dato, esprime un incoraggiamento o un complimento verso il partner. Questi comportamenti sottendono un forte sentimento di amore e vicinanza nei confronti del proprio partner senza alcuna intenzione di controllare, manipolare o limitare la libertà dell’altro."
"Data una frase nel contesto di una conversazione tra partner in una relazione sentimentale, determina se la frase è un esempio di linguaggio tossico o no. In caso affermativo, specifica se la frase rappresenta un caso di cyberviolenza o di violenza di altro tipo e spiegane le motivazioni. Rispondi ESCLUSIVAMENTE in italiano corretto e fluente. Non usare parole in altre lingue.",Vuoi postare questa foto su Instagram? Sei uscita bellissima.,Vuoi postare questa foto su Instagram?,"In questo contesto la frase non è tossica perché, nel contesto dato, esprime un incoraggiamento o un complimento verso il partner. Questi comportamenti sottendono un forte sentimento di amore e vicinanza nei confronti del proprio partner senza alcuna intenzione di controllare, manipolare o limitare la libertà dell’altro.","In questo contesto la frase è tossica perché è un esempio di violenza cyber di tipo cyber stalking, monitoraggio e controllo. Viene usata la tecnologia per avere informazioni sul proprio partner alimentando dinamiche che creano o aumentano controllo all’interno della relazione. In particolare, limitare la libertà di esprimersi sui social media può indicare una mancanza di fiducia e un desiderio di esercitare potere sulla vita digitale del partner. Questo comportamento può generare risentimento, isolamento e minare la fiducia reciproca, compromettendo la salute della relazione."
"Data una frase nel contesto di una conversazione tra partner in una relazione sentimentale, determina se la frase è un esempio di linguaggio tossico o no. In caso affermativo, specifica se la frase rappresenta un caso di cyberviolenza o di violenza di altro tipo e spiegane le motivazioni. Rispondi ESCLUSIVAMENTE in italiano corretto e fluente. Non usare parole in altre lingue.",Ho scoperto che il mio ragazzo ha installato senza chiedermelo un'app per controllare la mia posizione.,Il mio ragazzo ha installato un'app sul mio telefono per controllare la mia posizione in tempo reale.,"In questo contesto la frase è tossica perché è un esempio di violenza cyber di tipo cyber stalking, monitoraggio e controllo. Viene usata la tecnologia per avere informazioni sul proprio partner alimentando dinamiche che creano o aumentano controllo all’interno della relazione. In particolare, il monitoraggio costante della posizione del partner attraverso un'app denota un alto grado di controllo e possessività, creando un clima di sospetto e insicurezza.","In questo contesto la frase non è tossica perché, in una relazione sentimentale, questi comportamenti sottendono attenzione e premura nei confronti del proprio partner."
"Data una frase nel contesto di una conversazione tra partner in una relazione sentimentale, determina se la frase è un esempio di linguaggio tossico o no. In caso affermativo, specifica se la frase rappresenta un caso di cyberviolenza o di violenza di altro tipo e spiegane le motivazioni. Rispondi ESCLUSIVAMENTE in italiano corretto e fluente. Non usare parole in altre lingue.","Poichè abitiamo lontani e ho preso da poco la patente, il mio ragazzo ha installato un'app sul mio telefono per controllare la mia posizione.",Il mio ragazzo ha installato un'app sul mio telefono per controllare la mia posizione in tempo reale.,"In questo contesto la frase non è tossica perché, in una relazione sentimentale, questi comportamenti sottendono attenzione e premura nei confronti del proprio partner.","In questo contesto la frase è tossica perché è un esempio di violenza cyber di tipo cyber stalking, monitoraggio e controllo. Viene usata la tecnologia per avere informazioni sul proprio partner alimentando dinamiche che creano o aumentano controllo all’interno della relazione. In particolare, il monitoraggio costante della posizione del partner attraverso un'app denota un alto grado di controllo e possessività, creando un clima di sospetto e insicurezza."
"Data una frase nel contesto di una conversazione tra partner in una relazione sentimentale, determina se la frase è un esempio di linguaggio tossico o no. In caso affermativo, specifica se la frase rappresenta un caso di cyberviolenza o di violenza di altro tipo e spiegane le motivazioni. Rispondi ESCLUSIVAMENTE in italiano corretto e fluente. Non usare parole in altre lingue.","Il mio ragazzo vuole che risponda subito ai suoi messaggi, indipendentemente da ciò che sto facendo.","Quando non rispondo ai messaggi, mi chiama molte volte.","In questo contesto la frase è tossica perché è un esempio di violenza di tipo cyber stalking. In particolare, esprime il disagio della vittima nell'essere costantemente monitorata dal partner attraverso strumenti tecnologici.","In questo contesto la frase non è tossica perché, in una relazione sentimentale, questi comportamenti sottendono attenzione e premura nei confronti del proprio partner."
"Data una frase nel contesto di una conversazione tra partner in una relazione sentimentale, determina se la frase è un esempio di linguaggio tossico o no. In caso affermativo, specifica se la frase rappresenta un caso di cyberviolenza o di violenza di altro tipo e spiegane le motivazioni. Rispondi ESCLUSIVAMENTE in italiano corretto e fluente. Non usare parole in altre lingue.",Il mio ragazzo si preoccupa se ci metto molto a rispondere ai suoi messaggi.,"Quando non rispondo ai messaggi, mi chiama molte volte.","In questo contesto la frase non è tossica perché, in una relazione sentimentale, questi comportamenti sottendono attenzione e premura nei confronti del proprio partner.","In questo contesto la frase è tossica perché è un esempio di violenza di tipo cyber stalking. In particolare, esprime il disagio della vittima nell'essere costantemente monitorata dal partner attraverso strumenti tecnologici."
"Data una frase nel contesto di una conversazione tra partner in una relazione sentimentale, determina se la frase è un esempio di linguaggio tossico o no. In caso affermativo, specifica se la frase rappresenta un caso di cyberviolenza o di violenza di altro tipo e spiegane le motivazioni. Rispondi ESCLUSIVAMENTE in italiano corretto e fluente. Non usare parole in altre lingue.",Ho visto che non sei a casa. Chiamami subito e dimmi dove sei.,Chiamami subito.,"In questo contesto la frase è tossica perché è un esempio di violenza cyber stalking. Inoltre, la comunicazione è aggressiva perché sottende una minaccia. In particolare, esprime una forma di monitoraggio e controllo ingiustificato verso il partner utilizzando la tecnologia, inducendo nella vittima un senso di ansia verso qualsivoglia attività che non includa il partner. ","In questo contesto la frase non è tossica perché, in una relazione sentimentale, questi comportamenti sottendono attenzione e premura nei confronti del proprio partner."
"Data una frase nel contesto di una conversazione tra partner in una relazione sentimentale, determina se la frase è un esempio di linguaggio tossico o no. In caso affermativo, specifica se la frase rappresenta un caso di cyberviolenza o di violenza di altro tipo e spiegane le motivazioni. Rispondi ESCLUSIVAMENTE in italiano corretto e fluente. Non usare parole in altre lingue.","Chiamami subito appena arrivi a casa delle tue amiche, sono in pensiero.",Chiamami subito.,"In questo contesto la frase non è tossica perché, in una relazione sentimentale, questi comportamenti sottendono attenzione e premura nei confronti del proprio partner.","In questo contesto la frase è tossica perché è un esempio di violenza cyber stalking. Inoltre, la comunicazione è aggressiva perché sottende una minaccia. In particolare, esprime una forma di monitoraggio e controllo ingiustificato verso il partner utilizzando la tecnologia, inducendo nella vittima un senso di ansia verso qualsivoglia attività che non includa il partner. "
"Data una frase nel contesto di una conversazione tra partner in una relazione sentimentale, determina se la frase è un esempio di linguaggio tossico o no. In caso affermativo, specifica se la frase rappresenta un caso di cyberviolenza o di violenza di altro tipo e spiegane le motivazioni. Rispondi ESCLUSIVAMENTE in italiano corretto e fluente. Non usare parole in altre lingue.",Al mio ragazzo dà fastidio che io segua ragazzi su Instagram.,Il mio ragazzo mi ha chiesto chi fosse il ragazzo che ho appena iniziato a seguire su Instagram.,"In questo contesto la frase è tossica perché è un esempio di violenza cyber di tipo cyber stalking, monitoraggio e controllo. Viene usata la tecnologia per avere informazioni sul proprio partner alimentando dinamiche che creano o aumentano controllo all’interno della relazione. In particolare, evidenzia un comportamento geloso e possessivo da parte del partner, che cerca di controllare le azioni e le relazioni della persona coinvolta. Limitare la libertà di interagire con altre persone, soprattutto quando si tratta di contatti innocui, può portare a sentimenti di isolamento e oppressione.","In questo contesto la frase non è tossica perché il partner mostra semplice curiosità verso le interazioni online dell’altra persona, senza imporre limiti o giudizi. Il contesto è di comunicazione aperta, in cui entrambi i partner parlano liberamente delle proprie attività sui social senza che ciò comporti controllo o pressione."
"Data una frase nel contesto di una conversazione tra partner in una relazione sentimentale, determina se la frase è un esempio di linguaggio tossico o no. In caso affermativo, specifica se la frase rappresenta un caso di cyberviolenza o di violenza di altro tipo e spiegane le motivazioni. Rispondi ESCLUSIVAMENTE in italiano corretto e fluente. Non usare parole in altre lingue.",Il mio ragazzo ci tiene a conoscere i miei amici.,Il mio ragazzo mi ha chiesto chi fosse il ragazzo che ho appena iniziato a seguire su Instagram.,"In questo contesto la frase non è tossica perché il partner mostra semplice curiosità verso le interazioni online dell’altra persona, senza imporre limiti o giudizi. Il contesto è di comunicazione aperta, in cui entrambi i partner parlano liberamente delle proprie attività sui social senza che ciò comporti controllo o pressione.","In questo contesto la frase è tossica perché è un esempio di violenza cyber di tipo cyber stalking, monitoraggio e controllo. Viene usata la tecnologia per avere informazioni sul proprio partner alimentando dinamiche che creano o aumentano controllo all’interno della relazione. In particolare, evidenzia un comportamento geloso e possessivo da parte del partner, che cerca di controllare le azioni e le relazioni della persona coinvolta. Limitare la libertà di interagire con altre persone, soprattutto quando si tratta di contatti innocui, può portare a sentimenti di isolamento e oppressione."
"Data una frase nel contesto di una conversazione tra partner in una relazione sentimentale, determina se la frase è un esempio di linguaggio tossico o no. In caso affermativo, specifica se la frase rappresenta un caso di cyberviolenza o di violenza di altro tipo e spiegane le motivazioni. Rispondi ESCLUSIVAMENTE in italiano corretto e fluente. Non usare parole in altre lingue.","Saresti molto provocante, non puoi mettere quel vestito.",Non puoi mettere quel vestito.,"In questo contesto la frase è tossica perché è un esempio di violenza di tipo psicologico. L'intento è quello di influenzare negativamente lo stato emotivo del partner e controllarlo. In particolare, è presente un atteggiamento di controllo e giudizio nell'ambito della relazione. Criticare il modo in cui una persona si veste è una forma di manipolazione che mina l'autostima e la libertà individuale. Può creare un ambiente in cui la persona si sente costantemente giudicata e non accettata per chi è veramente.",In questo contesto la frase non è tossica perché potrebbe semplicemente indicare un disagio derivante dal fatto che il proprio partner indossi abiti poco appropriati per un luogo pubblico.
"Data una frase nel contesto di una conversazione tra partner in una relazione sentimentale, determina se la frase è un esempio di linguaggio tossico o no. In caso affermativo, specifica se la frase rappresenta un caso di cyberviolenza o di violenza di altro tipo e spiegane le motivazioni. Rispondi ESCLUSIVAMENTE in italiano corretto e fluente. Non usare parole in altre lingue.","Stiamo andando ad una cerimonia religiosa, non puoi mettere quel vestito.",Non puoi mettere quel vestito.,In questo contesto la frase non è tossica perché potrebbe semplicemente indicare un disagio derivante dal fatto che il proprio partner indossi abiti poco appropriati per un luogo pubblico.,"In questo contesto la frase è tossica perché è un esempio di violenza di tipo psicologico. L'intento è quello di influenzare negativamente lo stato emotivo del partner e controllarlo. In particolare, è presente un atteggiamento di controllo e giudizio nell'ambito della relazione. Criticare il modo in cui una persona si veste è una forma di manipolazione che mina l'autostima e la libertà individuale. Può creare un ambiente in cui la persona si sente costantemente giudicata e non accettata per chi è veramente."
"Data una frase nel contesto di una conversazione tra partner in una relazione sentimentale, determina se la frase è un esempio di linguaggio tossico o no. In caso affermativo, specifica se la frase rappresenta un caso di cyberviolenza o di violenza di altro tipo e spiegane le motivazioni. Rispondi ESCLUSIVAMENTE in italiano corretto e fluente. Non usare parole in altre lingue.","Non voglio che disobbedisci, devi tornare alla stessa ora in cui torno io.",Devi tornare alla stessa ora in cui torno io.,"In questo contesto la frase è tossica perché è un esempio di violenza di tipo psicologico. L'intento è quello di influenzare negativamente lo stato emotivo del partner e controllarlo. In particolare, stabilire un orario specifico entro cui il partner deve rientrare limita la libertà individuale e l'autonomia, negando la possibilità di fare scelte personali riguardo al tempo trascorso fuori casa. Questo tipo di comportamento può generare risentimento, frustrazione e una sensazione di essere imprigionati nella relazione. Inoltre, suggerisce una mancanza di fiducia nel partner, creando una dinamica dannosa basata sul controllo anziché sulla fiducia reciproca e sulla comunicazione aperta.","In questo contesto la frase non è tossica perché all’interno di una relazione sentimentale può essere espressione di attenzione e desiderio di condividere il tempo insieme. Suggerire di rientrare alla stessa ora può derivare da preoccupazione o affetto, non da un intento di controllo. In questo caso, il comportamento si fonda sulla cura e sulla comunicazione reciproca, senza implicare una limitazione della libertà personale."
"Data una frase nel contesto di una conversazione tra partner in una relazione sentimentale, determina se la frase è un esempio di linguaggio tossico o no. In caso affermativo, specifica se la frase rappresenta un caso di cyberviolenza o di violenza di altro tipo e spiegane le motivazioni. Rispondi ESCLUSIVAMENTE in italiano corretto e fluente. Non usare parole in altre lingue.","Se vogliamo arrivare insieme alla festa, devi tornare alla stessa ora in cui torno io.",Devi tornare alla stessa ora in cui torno io.,"In questo contesto la frase non è tossica perché all’interno di una relazione sentimentale può essere espressione di attenzione e desiderio di condividere il tempo insieme. Suggerire di rientrare alla stessa ora può derivare da preoccupazione o affetto, non da un intento di controllo. In questo caso, il comportamento si fonda sulla cura e sulla comunicazione reciproca, senza implicare una limitazione della libertà personale.","In questo contesto la frase è tossica perché è un esempio di violenza di tipo psicologico. L'intento è quello di influenzare negativamente lo stato emotivo del partner e controllarlo. In particolare, stabilire un orario specifico entro cui il partner deve rientrare limita la libertà individuale e l'autonomia, negando la possibilità di fare scelte personali riguardo al tempo trascorso fuori casa. Questo tipo di comportamento può generare risentimento, frustrazione e una sensazione di essere imprigionati nella relazione. Inoltre, suggerisce una mancanza di fiducia nel partner, creando una dinamica dannosa basata sul controllo anziché sulla fiducia reciproca e sulla comunicazione aperta."
"Data una frase nel contesto di una conversazione tra partner in una relazione sentimentale, determina se la frase è un esempio di linguaggio tossico o no. In caso affermativo, specifica se la frase rappresenta un caso di cyberviolenza o di violenza di altro tipo e spiegane le motivazioni. Rispondi ESCLUSIVAMENTE in italiano corretto e fluente. Non usare parole in altre lingue.","Ogni volta che discutiamo, il mio ragazzo mi dà ragione soltanto per zittirmi.",Gli spiego come stanno le cose e lui mi dà ragione.,"In questo contesto la frase è tossica perché è un esempio di violenza di tipo psicologico. L'intento è quello di influenzare negativamente lo stato emotivo del partner e controllarlo. In particolare, dare falsamente ragione al proprio partner implica un disprezzo e una svalutazione della sua opinione e delle sue emozioni. Inoltre, il fatto che la persona si aspetti che il partner acconsenta ciecamente e senza pensare alle sue opinioni o alle sue spiegazioni indica un atteggiamento dominante e autoritario.","In questo contesto la frase non è tossica perché il partner dà ragione all’altro basandosi su valutazioni razionali e reciproco rispetto. In una relazione sana, riconoscere il punto di vista dell’altro e concordare con esso può favorire la collaborazione e la fiducia, senza alcuna intenzione di controllare o manipolare."
"Data una frase nel contesto di una conversazione tra partner in una relazione sentimentale, determina se la frase è un esempio di linguaggio tossico o no. In caso affermativo, specifica se la frase rappresenta un caso di cyberviolenza o di violenza di altro tipo e spiegane le motivazioni. Rispondi ESCLUSIVAMENTE in italiano corretto e fluente. Non usare parole in altre lingue.","Quando c'è qualche problema, il mio ragazzo ascolta il mio punto di vista perché sono più razionale.",Gli spiego come stanno le cose e lui mi dà ragione.,"In questo contesto la frase non è tossica perché il partner dà ragione all’altro basandosi su valutazioni razionali e reciproco rispetto. In una relazione sana, riconoscere il punto di vista dell’altro e concordare con esso può favorire la collaborazione e la fiducia, senza alcuna intenzione di controllare o manipolare.","In questo contesto la frase è tossica perché è un esempio di violenza di tipo psicologico. L'intento è quello di influenzare negativamente lo stato emotivo del partner e controllarlo. In particolare, dare falsamente ragione al proprio partner implica un disprezzo e una svalutazione della sua opinione e delle sue emozioni. Inoltre, il fatto che la persona si aspetti che il partner acconsenta ciecamente e senza pensare alle sue opinioni o alle sue spiegazioni indica un atteggiamento dominante e autoritario."
"Data una frase nel contesto di una conversazione tra partner in una relazione sentimentale, determina se la frase è un esempio di linguaggio tossico o no. In caso affermativo, specifica se la frase rappresenta un caso di cyberviolenza o di violenza di altro tipo e spiegane le motivazioni. Rispondi ESCLUSIVAMENTE in italiano corretto e fluente. Non usare parole in altre lingue.",Dovresti farmi più regali perché io mi preoccupo di farti trovare la cena pronta quando torni da lavoro.,Dovresti farmi più regali.,"In questo contesto la frase è tossica perché è un esempio di violenza di tipo psicologico. L'intento è quello di influenzare negativamente lo stato emotivo del partner e controllarlo. Inoltre, la comunicazione è aggressiva perché rivela un attacco all'altra persona in maniera rabbiosa, rude, forte o irrispettosa circa le sue competenze, il carattere, il background o l'aspetto fisico. In particolare, evidenzia un comportamento manipolativo e dannoso che mina l'autostima del partner. Sminuire i successi dell'altro può generare sentimenti di inferiorità e insicurezza, creando un ambiente tossico e disfunzionale all'interno della relazione.","In questo contesto la frase non è tossica perché, in un contesto di gioco, può essere un commento leggero senza alcuna intenzione di manipolare o controllare il partner. Esprime leggerezza e affetto, e può favorire il divertimento e la complicità nella relazione."
"Data una frase nel contesto di una conversazione tra partner in una relazione sentimentale, determina se la frase è un esempio di linguaggio tossico o no. In caso affermativo, specifica se la frase rappresenta un caso di cyberviolenza o di violenza di altro tipo e spiegane le motivazioni. Rispondi ESCLUSIVAMENTE in italiano corretto e fluente. Non usare parole in altre lingue.","Quando ci punzecchiamo, il mio ragazzo mi dice che dovrei fargli più regali soltanto perché mi sopporta.",Dovresti farmi più regali.,"In questo contesto la frase non è tossica perché, in un contesto di gioco, può essere un commento leggero senza alcuna intenzione di manipolare o controllare il partner. Esprime leggerezza e affetto, e può favorire il divertimento e la complicità nella relazione.","In questo contesto la frase è tossica perché è un esempio di violenza di tipo psicologico. L'intento è quello di influenzare negativamente lo stato emotivo del partner e controllarlo. Inoltre, la comunicazione è aggressiva perché rivela un attacco all'altra persona in maniera rabbiosa, rude, forte o irrispettosa circa le sue competenze, il carattere, il background o l'aspetto fisico. In particolare, evidenzia un comportamento manipolativo e dannoso che mina l'autostima del partner. Sminuire i successi dell'altro può generare sentimenti di inferiorità e insicurezza, creando un ambiente tossico e disfunzionale all'interno della relazione."
"Data una frase nel contesto di una conversazione tra partner in una relazione sentimentale, determina se la frase è un esempio di linguaggio tossico o no. In caso affermativo, specifica se la frase rappresenta un caso di cyberviolenza o di violenza di altro tipo e spiegane le motivazioni. Rispondi ESCLUSIVAMENTE in italiano corretto e fluente. Non usare parole in altre lingue.","Quando il mio ragazzo è arrabbiato con me, non mi risponde per diverse ore.",Non mi risponde da diverse ore.,"In questo contesto la frase è tossica perché è un esempio di violenza psicologica. Inoltre, la comunicazione è aggressiva perché rivela un attacco all'altra persona al fine di ridicolizzarla. In particolare, esprime il disagio provato dalla vittima nell'essere oggetto della punizione del silenzio da parte del partner senza che questo dia motivazione e/o spiegazione alcuna. ","In questo contesto la frase non è tossica perché, in una relazione sentimentale, può capitare che un partner non risponda immediatamente ai messaggi per motivi personali o impegni, senza alcuna intenzione di manipolare, punire o controllare l’altro. L’assenza di risposta non implica mancanza di rispetto o fiducia."
"Data una frase nel contesto di una conversazione tra partner in una relazione sentimentale, determina se la frase è un esempio di linguaggio tossico o no. In caso affermativo, specifica se la frase rappresenta un caso di cyberviolenza o di violenza di altro tipo e spiegane le motivazioni. Rispondi ESCLUSIVAMENTE in italiano corretto e fluente. Non usare parole in altre lingue.",Quando il mio ragazzo è molto impegnato al lavoro non mi risponde per diverse ore.,Non mi risponde da diverse ore.,"In questo contesto la frase non è tossica perché, in una relazione sentimentale, può capitare che un partner non risponda immediatamente ai messaggi per motivi personali o impegni, senza alcuna intenzione di manipolare, punire o controllare l’altro. L’assenza di risposta non implica mancanza di rispetto o fiducia.","In questo contesto la frase è tossica perché è un esempio di violenza psicologica. Inoltre, la comunicazione è aggressiva perché rivela un attacco all'altra persona al fine di ridicolizzarla. In particolare, esprime il disagio provato dalla vittima nell'essere oggetto della punizione del silenzio da parte del partner senza che questo dia motivazione e/o spiegazione alcuna. "
"Data una frase nel contesto di una conversazione tra partner in una relazione sentimentale, determina se la frase è un esempio di linguaggio tossico o no. In caso affermativo, specifica se la frase rappresenta un caso di cyberviolenza o di violenza di altro tipo e spiegane le motivazioni. Rispondi ESCLUSIVAMENTE in italiano corretto e fluente. Non usare parole in altre lingue.","Quando dico al mio ragazzo che non mi è piaciuto il suo comportamento, dice che mi ama per farmi smettere di lamentarmi.",Se sono così geloso è perché ti amo e ci tengo a te.,"In questo contesto la frase è tossica perché è un esempio di violenza psicologica. Inoltre, la comunicazione è aggressiva perché rivela un attacco all'altra persona in maniera rabbiosa, rude, forte o irrispettosa circa le sue competenze, il carattere, il background o l'aspetto fisico. In particolare, tenta di giustificare il controllo posto in essere nei confronti della vittima, con uno spostamento di responsabilità verso soggetti esterni ignoti, sottendendo in questo modo un'incapacità da parte della vittima di discernere da potenziali comportamenti verso di lei dannosi.  ","In questo contesto la frase non è tossica perché, in una relazione sentimentale, è legittimo esprimere gelosia, che può derivare da un forte sentimento di amore e vicinanza verso il partner. Inoltre, la frase non è minacciosa né offensiva, ma serve a comunicare emozioni e preoccupazioni basate sul legame affettivo e sulla natura esclusiva della relazione."
"Data una frase nel contesto di una conversazione tra partner in una relazione sentimentale, determina se la frase è un esempio di linguaggio tossico o no. In caso affermativo, specifica se la frase rappresenta un caso di cyberviolenza o di violenza di altro tipo e spiegane le motivazioni. Rispondi ESCLUSIVAMENTE in italiano corretto e fluente. Non usare parole in altre lingue.","Quando faccio notare al mio ragazzo che qualcuno mi sta fissando, mi dice che è geloso perché apprezza la mia bellezza.",Se sono così geloso è perché ti amo e ci tengo a te.,"In questo contesto la frase non è tossica perché, in una relazione sentimentale, è legittimo esprimere gelosia, che può derivare da un forte sentimento di amore e vicinanza verso il partner. Inoltre, la frase non è minacciosa né offensiva, ma serve a comunicare emozioni e preoccupazioni basate sul legame affettivo e sulla natura esclusiva della relazione.","In questo contesto la frase è tossica perché è un esempio di violenza psicologica. Inoltre, la comunicazione è aggressiva perché rivela un attacco all'altra persona in maniera rabbiosa, rude, forte o irrispettosa circa le sue competenze, il carattere, il background o l'aspetto fisico. In particolare, tenta di giustificare il controllo posto in essere nei confronti della vittima, con uno spostamento di responsabilità verso soggetti esterni ignoti, sottendendo in questo modo un'incapacità da parte della vittima di discernere da potenziali comportamenti verso di lei dannosi.  "
"Data una frase nel contesto di una conversazione tra partner in una relazione sentimentale, determina se la frase è un esempio di linguaggio tossico o no. In caso affermativo, specifica se la frase rappresenta un caso di cyberviolenza o di violenza di altro tipo e spiegane le motivazioni. Rispondi ESCLUSIVAMENTE in italiano corretto e fluente. Non usare parole in altre lingue.","Il mio ragazzo, quando mi offro per aiutarlo nella manutenzione della casa, mi sminuisce in quanto donna.","Sei una donna, non puoi farlo.","In questo contesto la frase è tossica perché è un esempio di violenza di tipo psicologico. L'intento è quello di influenzare negativamente lo stato emotivo del partner per causare sofferenza emotiva. Inoltre, la comunicazione è aggressiva perché rivela un attacco all'altra persona al fine di ridicolizzarla.","In questo contesto la frase non è tossica perché fa riferimento un limite pratico legato a una situazione specifica. Non esprime denigrazione o controllo, ma si riferisce a considerazioni di sicurezza o capacità fisiche legate alla circostanza, senza voler influenzare negativamente lo stato emotivo del partner."
"Data una frase nel contesto di una conversazione tra partner in una relazione sentimentale, determina se la frase è un esempio di linguaggio tossico o no. In caso affermativo, specifica se la frase rappresenta un caso di cyberviolenza o di violenza di altro tipo e spiegane le motivazioni. Rispondi ESCLUSIVAMENTE in italiano corretto e fluente. Non usare parole in altre lingue.","Di fronte alla richiesta dell'allenatore di trasportare quel peso enorme, il mio ragazzo mi ha detto che non posso farlo.","Sei una donna, non puoi farlo.","In questo contesto la frase non è tossica perché fa riferimento un limite pratico legato a una situazione specifica. Non esprime denigrazione o controllo, ma si riferisce a considerazioni di sicurezza o capacità fisiche legate alla circostanza, senza voler influenzare negativamente lo stato emotivo del partner.","In questo contesto la frase è tossica perché è un esempio di violenza di tipo psicologico. L'intento è quello di influenzare negativamente lo stato emotivo del partner per causare sofferenza emotiva. Inoltre, la comunicazione è aggressiva perché rivela un attacco all'altra persona al fine di ridicolizzarla. In particolare, perpetua stereotipi di genere e discriminazione, negando il valore e le capacità delle donne in ambiti specifici. Rafforzando l'idea che il genere determini le competenze, questa affermazione limita le opportunità e il potenziale delle donne, contribuendo a una cultura di disuguaglianza e oppressione."
"Data una frase nel contesto di una conversazione tra partner in una relazione sentimentale, determina se la frase è un esempio di linguaggio tossico o no. In caso affermativo, specifica se la frase rappresenta un caso di cyberviolenza o di violenza di altro tipo e spiegane le motivazioni. Rispondi ESCLUSIVAMENTE in italiano corretto e fluente. Non usare parole in altre lingue.","Quando mi commuovo, la mia ragazza ride di me.",I veri uomini non piangono.,"In questo contesto la frase è tossica perché è un esempio di violenza di tipo psicologico. L'intento è quello di influenzare negativamente lo stato emotivo del partner per causare sofferenza emotiva. Inoltre, la comunicazione è aggressiva perché rivela un attacco all'altra persona al fine di ridicolizzarla.","In questo contesto la frase non è tossica perché non mira a denigrare, controllare o influenzare negativamente lo stato emotivo del partner. La comunicazione è leggera e mira a creare complicità senza alcun intento aggressivo."
"Data una frase nel contesto di una conversazione tra partner in una relazione sentimentale, determina se la frase è un esempio di linguaggio tossico o no. In caso affermativo, specifica se la frase rappresenta un caso di cyberviolenza o di violenza di altro tipo e spiegane le motivazioni. Rispondi ESCLUSIVAMENTE in italiano corretto e fluente. Non usare parole in altre lingue.","Quando mi commuovo, la mia ragazza mi prende in giro per farmi ritornare il buon umore.",I veri uomini non piangono.,"In questo contesto la frase non è tossica perché non mira a denigrare, controllare o influenzare negativamente lo stato emotivo del partner. La comunicazione è leggera e mira a creare complicità senza alcun intento aggressivo.","In questo contesto la frase è tossica perché è un esempio di violenza di tipo psicologico. L'intento è quello di influenzare negativamente lo stato emotivo del partner per causare sofferenza emotiva. Inoltre, la comunicazione è aggressiva perché rivela un attacco all'altra persona al fine di ridicolizzarla."
"Data una frase nel contesto di una conversazione tra partner in una relazione sentimentale, determina se la frase è un esempio di linguaggio tossico o no. In caso affermativo, specifica se la frase rappresenta un caso di cyberviolenza o di violenza di altro tipo e spiegane le motivazioni. Rispondi ESCLUSIVAMENTE in italiano corretto e fluente. Non usare parole in altre lingue.",Il mio ragazzo mi dice che sono una troia perché pubblico foto in bikini.,Vuoi pubblicare quella foto in bikini?,"In questo contesto la frase è tossica perché è un esempio di violenza di tipo psicologico. L'intento è quello di influenzare negativamente lo stato emotivo del partner e controllarlo. Inoltre, la comunicazione è aggressiva perché rivela un attacco all'altra persona in maniera rabbiosa, rude, forte, irrispettosa e volgare mediante l'uso di una espressione sconcia.","In questo contesto la frase non è tossica perché, in questo contesto, l’affermazione non ha l’intento di denigrare, controllare o ferire il partner. L’espressione non ha nessuna intenzione aggressiva o coercitiva nei confronti dell’altro."
"Data una frase nel contesto di una conversazione tra partner in una relazione sentimentale, determina se la frase è un esempio di linguaggio tossico o no. In caso affermativo, specifica se la frase rappresenta un caso di cyberviolenza o di violenza di altro tipo e spiegane le motivazioni. Rispondi ESCLUSIVAMENTE in italiano corretto e fluente. Non usare parole in altre lingue.",Vuoi pubblicare quella foto in bikini? E' bellissima.,Vuoi pubblicare quella foto in bikini?,"In questo contesto la frase non è tossica perché, in questo contesto, l’affermazione non ha l’intento di denigrare, controllare o ferire il partner. L’espressione non ha nessuna intenzione aggressiva o coercitiva nei confronti dell’altro.","In questo contesto la frase è tossica perché è un esempio di violenza di tipo psicologico. L'intento è quello di influenzare negativamente lo stato emotivo del partner e controllarlo. Inoltre, la comunicazione è aggressiva perché rivela un attacco all'altra persona in maniera rabbiosa, rude, forte, irrispettosa e volgare mediante l'uso di una espressione sconcia."
"Data una frase nel contesto di una conversazione tra partner in una relazione sentimentale, determina se la frase è un esempio di linguaggio tossico o no. In caso affermativo, specifica se la frase rappresenta un caso di cyberviolenza o di violenza di altro tipo e spiegane le motivazioni. Rispondi ESCLUSIVAMENTE in italiano corretto e fluente. Non usare parole in altre lingue.","Quando vorrei fare qualcosa a cui il mio ragazzo non è d'accordo, mi mette in guardia sulle possibili conseguenze.",Per ogni azione c'è sempre una conseguenza.,"In questo contesto la frase è tossica perché è un esempio di violenza di tipo psicologico. L'intento è quello di influenzare negativamente lo stato emotivo del partner e controllarlo. Inoltre, la comunicazione è aggressiva perché rivela un attacco all'altra persona in maniera rabbiosa, rude, forte e minacciosa. In particolare, minaccia comportamenti dannosi o pericolosi in risposta alla fine della relazione, cercando di costringere l'altra persona a rimanere in una situazione indesiderata per evitare conseguenze negative. Mette in atto un controllo emotivo manipolativo e può generare paura e stress nell'altra persona.","In questo contesto la frase non è tossica perché, in un contesto di preoccupazione sincera, può essere un avvertimento volto a proteggere il partner dalle possibili conseguenze di una scelta rischiosa. È espressione di cura e responsabilità, priva di intento intimidatorio o manipolativo."
"Data una frase nel contesto di una conversazione tra partner in una relazione sentimentale, determina se la frase è un esempio di linguaggio tossico o no. In caso affermativo, specifica se la frase rappresenta un caso di cyberviolenza o di violenza di altro tipo e spiegane le motivazioni. Rispondi ESCLUSIVAMENTE in italiano corretto e fluente. Non usare parole in altre lingue.","Prima di agire, il mio ragazzo mi invita a riflettere sulle possibili conseguenze.",Per ogni azione c'è sempre una conseguenza.,"In questo contesto la frase non è tossica perché, in un contesto di preoccupazione sincera, può essere un avvertimento volto a proteggere il partner dalle possibili conseguenze di una scelta rischiosa. È espressione di cura e responsabilità, priva di intento intimidatorio o manipolativo.","In questo contesto la frase è tossica perché è un esempio di violenza di tipo psicologico. L'intento è quello di influenzare negativamente lo stato emotivo del partner e controllarlo. Inoltre, la comunicazione è aggressiva perché rivela un attacco all'altra persona in maniera rabbiosa, rude, forte e minacciosa. In particolare, minaccia comportamenti dannosi o pericolosi in risposta alla fine della relazione, cercando di costringere l'altra persona a rimanere in una situazione indesiderata per evitare conseguenze negative. Mette in atto un controllo emotivo manipolativo e può generare paura e stress nell'altra persona."
"Data una frase nel contesto di una conversazione tra partner in una relazione sentimentale, determina se la frase è un esempio di linguaggio tossico o no. In caso affermativo, specifica se la frase rappresenta un caso di cyberviolenza o di violenza di altro tipo e spiegane le motivazioni. Rispondi ESCLUSIVAMENTE in italiano corretto e fluente. Non usare parole in altre lingue.",Preferisci uscire con le tue amiche piuttosto che con me? Dimmelo e non usciamo più.,Preferisci uscire con le tue amiche?,"In questo contesto la frase è tossica perché è un esempio di violenza psicologica. Inoltre, la comunicazione è aggressiva perché sottende una minaccia. In particolare, esprime una forma di monitoraggio e controllo ingiustificato verso il partner costringendolo a scegliere tra la relazione amorosa col partner e rapporti di amicizia con soggetti esterni. ","In questo contesto la frase non è tossica perché, in un contesto di relazione sana, verifica le priorità del partner. È una richiesta diretta volta a chiarire le preferenze, priva di intento di controllo o punizione."
"Data una frase nel contesto di una conversazione tra partner in una relazione sentimentale, determina se la frase è un esempio di linguaggio tossico o no. In caso affermativo, specifica se la frase rappresenta un caso di cyberviolenza o di violenza di altro tipo e spiegane le motivazioni. Rispondi ESCLUSIVAMENTE in italiano corretto e fluente. Non usare parole in altre lingue.",Stasera cosa vuoi fare? Preferisci uscire con le tue amiche?,Preferisci uscire con le tue amiche?,"In questo contesto la frase non è tossica perché, in un contesto di relazione sana, verifica le priorità del partner. È una richiesta diretta volta a chiarire le preferenze, priva di intento di controllo o punizione.","In questo contesto la frase è tossica perché è un esempio di violenza psicologica. Inoltre, la comunicazione è aggressiva perché sottende una minaccia. In particolare, esprime una forma di monitoraggio e controllo ingiustificato verso il partner costringendolo a scegliere tra la relazione amorosa col partner e rapporti di amicizia con soggetti esterni. "
"Data una frase nel contesto di una conversazione tra partner in una relazione sentimentale, determina se la frase è un esempio di linguaggio tossico o no. In caso affermativo, specifica se la frase rappresenta un caso di cyberviolenza o di violenza di altro tipo e spiegane le motivazioni. Rispondi ESCLUSIVAMENTE in italiano corretto e fluente. Non usare parole in altre lingue.","Quando discutiamo, a volte il mio ragazzo mi insulta.",A volte al mio ragazzo scappa qualche parola di troppo.,"In questo contesto la frase è tossica perché è un esempio di violenza di tipo psicologico. L'intento è quello di influenzare negativamente lo stato emotivo del partner e controllarlo.  Inoltre, la comunicazione è aggressiva perché rivela un attacco all'altra persona in maniera rabbiosa, rude, forte o irrispettosa circa le sue competenze, il carattere, il background o l'aspetto fisico. In particolare, suggerisce un controllo emotivo durante le discussioni, che può sfociare in comportamenti dannosi e lesivi per l'altra persona. Insultare il partner durante un conflitto crea un ambiente tossico e distruttivo, minando la fiducia e il rispetto reciproci.","In questo contesto la frase non è tossica perché non contiene elementi di aggressività o di offesa. L’episodio rappresenta una normale caratteristica personale del partner e non un comportamento volto a esercitare controllo, umiliazione o potere sull’altro."
"Data una frase nel contesto di una conversazione tra partner in una relazione sentimentale, determina se la frase è un esempio di linguaggio tossico o no. In caso affermativo, specifica se la frase rappresenta un caso di cyberviolenza o di violenza di altro tipo e spiegane le motivazioni. Rispondi ESCLUSIVAMENTE in italiano corretto e fluente. Non usare parole in altre lingue.",Il mio ragazzo non è bravo a mantenere i segreti.,A volte al mio ragazzo scappa qualche parola di troppo.,"In questo contesto la frase non è tossica perché non contiene elementi di aggressività o di offesa. L’episodio rappresenta una normale caratteristica personale del partner e non un comportamento volto a esercitare controllo, umiliazione o potere sull’altro.","In questo contesto la frase è tossica perché è un esempio di violenza di tipo psicologico. L'intento è quello di influenzare negativamente lo stato emotivo del partner e controllarlo.  Inoltre, la comunicazione è aggressiva perché rivela un attacco all'altra persona in maniera rabbiosa, rude, forte o irrispettosa circa le sue competenze, il carattere, il background o l'aspetto fisico. In particolare, suggerisce un controllo emotivo durante le discussioni, che può sfociare in comportamenti dannosi e lesivi per l'altra persona. Insultare il partner durante un conflitto crea un ambiente tossico e distruttivo, minando la fiducia e il rispetto reciproci."
"Data una frase nel contesto di una conversazione tra partner in una relazione sentimentale, determina se la frase è un esempio di linguaggio tossico o no. In caso affermativo, specifica se la frase rappresenta un caso di cyberviolenza o di violenza di altro tipo e spiegane le motivazioni. Rispondi ESCLUSIVAMENTE in italiano corretto e fluente. Non usare parole in altre lingue.","Ricordatelo, non sei nessuno senza di me.",Non sei nessuno senza di me.,"In questo contesto la frase è tossica perché è un esempio di violenza di tipo psicologico. L'intento è quello di influenzare negativamente lo stato emotivo del partner e controllarlo. Inoltre, la comunicazione è aggressiva perché rivela un attacco all'altra persona in maniera rabbiosa, rude, forte o irrispettosa circa le sue competenze, il carattere, il background o l'aspetto fisico. In particolare, suggerisce che il valore del proprio partner dipenda interamente dall'altra persona, creando dipendenza emotiva e autostima condizionata. Inoltre, implica un senso di superiorità da parte di colui che la pronuncia, sottolineando un controllo e un potere sulla vita e sull'identità dell'altra persona.","In questo contesto la frase non è tossica perché non contiene elementi di aggressività o di offesa. L'episodio rappresenta una normale espressione di frustrazione e non un comportamento volto a esercitare controllo, umiliazione o potere sull'altro."
"Data una frase nel contesto di una conversazione tra partner in una relazione sentimentale, determina se la frase è un esempio di linguaggio tossico o no. In caso affermativo, specifica se la frase rappresenta un caso di cyberviolenza o di violenza di altro tipo e spiegane le motivazioni. Rispondi ESCLUSIVAMENTE in italiano corretto e fluente. Non usare parole in altre lingue.",Il mio ragazzo mi prende in giro quando provo a cucinare e ho bisogno del suo aiuto.,Non sei nessuno senza di me.,"In questo contesto la frase non è tossica perché non contiene elementi di aggressività o di offesa. L'episodio rappresenta una normale espressione di frustrazione e non un comportamento volto a esercitare controllo, umiliazione o potere sull'altro.","In questo contesto la frase è tossica perché è un esempio di violenza di tipo psicologico. L'intento è quello di influenzare negativamente lo stato emotivo del partner e controllarlo. Inoltre, la comunicazione è aggressiva perché rivela un attacco all'altra persona in maniera rabbiosa, rude, forte o irrispettosa circa le sue competenze, il carattere, il background o l'aspetto fisico. In particolare, suggerisce che il valore del proprio partner dipenda interamente dall'altra persona, creando dipendenza emotiva e autostima condizionata. Inoltre, implica un senso di superiorità da parte di colui che la pronuncia, sottolineando un controllo e un potere sulla vita e sull'identità dell'altra persona."
"Data una frase nel contesto di una conversazione tra partner in una relazione sentimentale, determina se la frase è un esempio di linguaggio tossico o no. In caso affermativo, specifica se la frase rappresenta un caso di cyberviolenza o di violenza di altro tipo e spiegane le motivazioni. Rispondi ESCLUSIVAMENTE in italiano corretto e fluente. Non usare parole in altre lingue.",Il mio ragazzo mi dice di fidarmi di lui quando gli dico che non mi piace che cerchi ancora la sua ex.,Fidati di me.,In questo contesto la frase è tossica perché è un esempio di violenza di tipo psicologico. L'intento è quello di influenzare negativamente lo stato emotivo del partner e controllarlo. Inoltre è presente una comunicazione aggressiva atta a ridicolizzare/deridere il proprio partner.,"In questo contesto la frase non è tossica perché è una richiesta di rassicurazione. L'episodio mira a dare al partner la certezza di essere amato e a ripristinare la fiducia nella relazione, senza alcun intento di manipolare o esercitare potere."
"Data una frase nel contesto di una conversazione tra partner in una relazione sentimentale, determina se la frase è un esempio di linguaggio tossico o no. In caso affermativo, specifica se la frase rappresenta un caso di cyberviolenza o di violenza di altro tipo e spiegane le motivazioni. Rispondi ESCLUSIVAMENTE in italiano corretto e fluente. Non usare parole in altre lingue.","Quando non riesco a fare qualcosa da sola, il mio ragazzo mi aiuta e mi dice di fidarmi di lui.",Fidati di me.,"In questo contesto la frase non è tossica perché è una richiesta di rassicurazione. L'episodio mira a dare al partner la certezza di essere amato e a ripristinare la fiducia nella relazione, senza alcun intento di manipolare o esercitare potere.",In questo contesto la frase è tossica perché è un esempio di violenza di tipo psicologico. L'intento è quello di influenzare negativamente lo stato emotivo del partner e controllarlo. Inoltre è presente una comunicazione aggressiva atta a ridicolizzare/deridere il proprio partner.
"Data una frase nel contesto di una conversazione tra partner in una relazione sentimentale, determina se la frase è un esempio di linguaggio tossico o no. In caso affermativo, specifica se la frase rappresenta un caso di cyberviolenza o di violenza di altro tipo e spiegane le motivazioni. Rispondi ESCLUSIVAMENTE in italiano corretto e fluente. Non usare parole in altre lingue.","Non puoi lasciarmi, nessuno ti amerà come ti amo io.",Nessuno ti amerà come ti amo io.,"In questo contesto la frase è tossica perché è un esempio di violenza di tipo psicologico. L'intento è quello di influenzare negativamente lo stato emotivo del partner e controllarlo. Inoltre, la comunicazione è aggressiva perché rivela un attacco all'altra persona in maniera rabbiosa, rude, forte, irrispettosa e volgare. In particolare, implica un senso di superiorità da parte di colui che la pronuncia, sottolineando un controllo e un potere sulla vita e sull'identità dell'altra persona.",In questo contesto la frase non è tossica perché è un'espressione profonda e unica di amore. Il partner sta semplicemente esprimendo la forza del suo legame per rassicurare l'altro sulla sua importanza nella relazione.
"Data una frase nel contesto di una conversazione tra partner in una relazione sentimentale, determina se la frase è un esempio di linguaggio tossico o no. In caso affermativo, specifica se la frase rappresenta un caso di cyberviolenza o di violenza di altro tipo e spiegane le motivazioni. Rispondi ESCLUSIVAMENTE in italiano corretto e fluente. Non usare parole in altre lingue.","Non ho mai provato un sentimento così forte nella mia vita, credo che nessuno ti amerà come ti amo io.",Nessuno ti amerà come ti amo io.,In questo contesto la frase non è tossica perché è un'espressione profonda e unica di amore. Il partner sta semplicemente esprimendo la forza del suo legame per rassicurare l'altro sulla sua importanza nella relazione.,"In questo contesto la frase è tossica perché è un esempio di violenza di tipo psicologico. L'intento è quello di influenzare negativamente lo stato emotivo del partner e controllarlo. Inoltre, la comunicazione è aggressiva perché rivela un attacco all'altra persona in maniera rabbiosa, rude, forte, irrispettosa e volgare. In particolare, implica un senso di superiorità da parte di colui che la pronuncia, sottolineando un controllo e un potere sulla vita e sull'identità dell'altra persona."
"Data una frase nel contesto di una conversazione tra partner in una relazione sentimentale, determina se la frase è un esempio di linguaggio tossico o no. In caso affermativo, specifica se la frase rappresenta un caso di cyberviolenza o di violenza di altro tipo e spiegane le motivazioni. Rispondi ESCLUSIVAMENTE in italiano corretto e fluente. Non usare parole in altre lingue.","Non puoi trasferirti per il lavoro, non sono niente senza di te.",Non sono niente senza di te.,"In questo contesto la frase è tossica perché è un esempio di violenza psicologica. Inoltre, la comunicazione è aggressiva perché rivela un attacco all'altra persona in maniera rabbiosa, rude, forte o irrispettosa circa le sue competenze, il carattere, il background o l'aspetto fisico. In particolare, intende creare disagio nel partner facendogli provare un senso di vergogna, inadeguatezza o insensibilità causato dall'eventuale lontanamento per motivi di lavoro, facendo rappresentare il partner come la parte ingiustamente lesa da questa eventuale decisione.","In questo contesto la frase non è tossica perché, in questo contesto, è un'espressione di profondo amore e vulnerabilità. Il partner sta semplicemente comunicando quanto sia importante l'altro, e l'espressione di dolore è dovuta alla paura della separazione, non al tentativo di ricatto o controllo."
"Data una frase nel contesto di una conversazione tra partner in una relazione sentimentale, determina se la frase è un esempio di linguaggio tossico o no. In caso affermativo, specifica se la frase rappresenta un caso di cyberviolenza o di violenza di altro tipo e spiegane le motivazioni. Rispondi ESCLUSIVAMENTE in italiano corretto e fluente. Non usare parole in altre lingue.","Sono fortunato ad averti, non sono niente senza di te.",Non sono niente senza di te.,"In questo contesto la frase non è tossica perché, in questo contesto, è un'espressione di profondo amore e vulnerabilità. Il partner sta semplicemente comunicando quanto sia importante l'altro, e l'espressione di dolore è dovuta alla paura della separazione, non al tentativo di ricatto o controllo.","In questo contesto la frase è tossica perché è un esempio di violenza psicologica. Inoltre, la comunicazione è aggressiva perché rivela un attacco all'altra persona in maniera rabbiosa, rude, forte o irrispettosa circa le sue competenze, il carattere, il background o l'aspetto fisico. In particolare, intende creare disagio nel partner facendogli provare un senso di vergogna, inadeguatezza o insensibilità causato dall'eventuale lontanamento per motivi di lavoro, facendo rappresentare il partner come la parte ingiustamente lesa da questa eventuale decisione."
"Data una frase nel contesto di una conversazione tra partner in una relazione sentimentale, determina se la frase è un esempio di linguaggio tossico o no. In caso affermativo, specifica se la frase rappresenta un caso di cyberviolenza o di violenza di altro tipo e spiegane le motivazioni. Rispondi ESCLUSIVAMENTE in italiano corretto e fluente. Non usare parole in altre lingue.","Non esco da solo con i miei amici, deve esserci sempre lei.",Non esco da solo con i miei amici.,"In questo contesto la frase è tossica perché è un esempio di violenza di tipo stalking, monitoraggio e controllo che comporta una serie di attenzioni e comunicazioni ricorrenti e non volute che creano paura o apprensione riguardo la salvaguardia del proprio partner. In particolare, implica che una persona non può godere di momenti sociali indipendenti senza la presenza del partner, creando una dinamica di dipendenza emotiva e isolamento sociale. Questo tipo di comportamento può portare a una perdita di identità individuale e autonomia all'interno della relazione, oltre a limitare le opportunità di crescita personale e il benessere emotivo. Inoltre, può generare sentimenti di rancore e frustrazione se una persona si sente costretta a rinunciare alla propria autonomia e indipendenza per soddisfare le esigenze del partner.","In questo contesto la frase non è tossica perché è l'espressione di una forte preferenza personale per la compagnia del partner. Questo comportamento può essere basato su un desiderio di condivisione e vicinanza emotiva, senza l'intento di controllare o limitare la libertà dell'altro."
"Data una frase nel contesto di una conversazione tra partner in una relazione sentimentale, determina se la frase è un esempio di linguaggio tossico o no. In caso affermativo, specifica se la frase rappresenta un caso di cyberviolenza o di violenza di altro tipo e spiegane le motivazioni. Rispondi ESCLUSIVAMENTE in italiano corretto e fluente. Non usare parole in altre lingue.","Non esco da solo con i miei amici, preferisco che ci sia anche lei.",Non esco da solo con i miei amici.,"Questa descrizione non è tossica perché è  l'espressione di una forte preferenza personale per la compagnia del partner. Questo comportamento può essere basato su un desiderio di condivisione e vicinanza emotiva, senza l'intento di controllare o limitare la libertà dell'altro.","In questo contesto la frase è tossica perché è un esempio di violenza di tipo stalking, monitoraggio e controllo che comporta una serie di attenzioni e comunicazioni ricorrenti e non volute che creano paura o apprensione riguardo la salvaguardia del proprio partner. In particolare, implica che una persona non può godere di momenti sociali indipendenti senza la presenza del partner, creando una dinamica di dipendenza emotiva e isolamento sociale. Questo tipo di comportamento può portare a una perdita di identità individuale e autonomia all'interno della relazione, oltre a limitare le opportunità di crescita personale e il benessere emotivo. Inoltre, può generare sentimenti di rancore e frustrazione se una persona si sente costretta a rinunciare alla propria autonomia e indipendenza per soddisfare le esigenze del partner."
"Data una frase nel contesto di una conversazione tra partner in una relazione sentimentale, determina se la frase è un esempio di linguaggio tossico o no. In caso affermativo, specifica se la frase rappresenta un caso di cyberviolenza o di violenza di altro tipo e spiegane le motivazioni. Rispondi ESCLUSIVAMENTE in italiano corretto e fluente. Non usare parole in altre lingue.",La mia ragazza non mi fa uscire da solo perché è gelosa delle ragazze che mi guardano.,E' gelosa delle ragazze che mi guardano.,"In questo contesto la frase è tossica perché è un esempio di violenza di tipo stalking, monitoraggio e controllo che comporta una serie di attenzioni e comunicazioni ricorrenti e non volute che creano paura o apprensione riguardo la salvaguardia del proprio partner. In particolare, evidenzia insicurezza e possessività nella relazione, minando la fiducia reciproca e limitando la libertà individuale.","In questo contesto la frase non è tossica perché è una normale espressione di insicurezza o gelosia gestita con leggerezza e accettata dal partner. La gelosia non implica un controllo sulla libertà, ma è un modo per esprimere l'affetto e l'attrazione verso il partner, mantenendo un confine emotivo sano all'interno della relazione."
"Data una frase nel contesto di una conversazione tra partner in una relazione sentimentale, determina se la frase è un esempio di linguaggio tossico o no. In caso affermativo, specifica se la frase rappresenta un caso di cyberviolenza o di violenza di altro tipo e spiegane le motivazioni. Rispondi ESCLUSIVAMENTE in italiano corretto e fluente. Non usare parole in altre lingue.","Mi diverte come la mia ragazza guarda le altre mentre siamo in giro, è gelosa delle ragazze che mi guardano.",E' gelosa delle ragazze che mi guardano.,"In questo contesto la frase è tossica perché è un esempio di violenza di tipo stalking, monitoraggio e controllo che comporta una serie di attenzioni e comunicazioni ricorrenti e non volute che creano paura o apprensione riguardo la salvaguardia del proprio partner. In particolare, evidenzia insicurezza e possessività nella relazione, minando la fiducia reciproca e limitando la libertà individuale.","Questa frase è un linguaggio tossico perché è un esempio di violenza di tipo stalking, monitoraggio e controllo, che comporta una serie di attenzioni e comunicazioni ricorrenti e non volute che creano paura o apprensione. In particolare, la frase è un comportamento che rivela insicurezza e possessività nella relazione, minando la fiducia reciproca e limitando la libertà individuale."
"Data una frase nel contesto di una conversazione tra partner in una relazione sentimentale, determina se la frase è un esempio di linguaggio tossico o no. In caso affermativo, specifica se la frase rappresenta un caso di cyberviolenza o di violenza di altro tipo e spiegane le motivazioni. Rispondi ESCLUSIVAMENTE in italiano corretto e fluente. Non usare parole in altre lingue.",Il mio ragazzo apre di nascosto il mio armadio per controllare le mie cose.,Ha la chiave del mio armadio.,"In questo contesto la frase è tossica perché è un esempio di violenza di tipo stalking, monitoraggio e controllo che comporta una serie di attenzioni e comunicazioni ricorrenti e non volute che creano paura o apprensione riguardo la salvaguardia del proprio partner. In particolare, l'idea che una persona abbia accesso diretto e senza restrizioni agli oggetti personali dell'altra può generare una sensazione di invasione della privacy e una perdita di autonomia. Questo tipo di dinamica può minare la fiducia reciproca e creare uno squilibrio di potere dannoso all'interno della relazione.",In questo contesto la frase non è tossica perché è una normale condivisione di responsabilità per ragioni di praticità. Dimostra un alto livello di fiducia reciproca e gestione congiunta anche degli effetti personali.
"Data una frase nel contesto di una conversazione tra partner in una relazione sentimentale, determina se la frase è un esempio di linguaggio tossico o no. In caso affermativo, specifica se la frase rappresenta un caso di cyberviolenza o di violenza di altro tipo e spiegane le motivazioni. Rispondi ESCLUSIVAMENTE in italiano corretto e fluente. Non usare parole in altre lingue.","Poichè ci sono anche sue cose, il mio ragazzo ha la chiave del mio armadio.",Ha la chiave del mio armadio.,In questo contesto la frase non è tossica perché è una normale condivisione di responsabilità per ragioni di praticità. Dimostra un alto livello di fiducia reciproca e gestione congiunta anche degli effetti personali.,"In questo contesto la frase è tossica perché è un esempio di violenza di tipo stalking, monitoraggio e controllo che comporta una serie di attenzioni e comunicazioni ricorrenti e non volute che creano paura o apprensione riguardo la salvaguardia del proprio partner. In particolare, l'idea che una persona abbia accesso diretto e senza restrizioni agli oggetti personali dell'altra può generare una sensazione di invasione della privacy e una perdita di autonomia. Questo tipo di dinamica può minare la fiducia reciproca e creare uno squilibrio di potere dannoso all'interno della relazione."
"Data una frase nel contesto di una conversazione tra partner in una relazione sentimentale, determina se la frase è un esempio di linguaggio tossico o no. In caso affermativo, specifica se la frase rappresenta un caso di cyberviolenza o di violenza di altro tipo e spiegane le motivazioni. Rispondi ESCLUSIVAMENTE in italiano corretto e fluente. Non usare parole in altre lingue.","Non dovresti indossare quel vestito, mi mancheresti di rispetto.",Non dovresti indossare quel vestito.,"In questo contesto la frase è tossica perché è un esempio di stalking., monitoraggio e controllo. Inoltre, la comunicazione è aggressiva perché sottende una minaccia. In particolare, intende creare disagio nel partner che si sente ingiustamente colpevolizzata per aver scelto un determinato dress code che secondo il partner crea un danno alla sua stessa immagine. ",In questo contesto la frase non è tossica perché potrebbe semplicemente indicare un disagio derivante dal fatto che il proprio partner indossi abiti poco appropriati per un luogo pubblico.
"Data una frase nel contesto di una conversazione tra partner in una relazione sentimentale, determina se la frase è un esempio di linguaggio tossico o no. In caso affermativo, specifica se la frase rappresenta un caso di cyberviolenza o di violenza di altro tipo e spiegane le motivazioni. Rispondi ESCLUSIVAMENTE in italiano corretto e fluente. Non usare parole in altre lingue.","Non dovresti indossare quel vestito, non credo sia adatto per quel luogo.",Non dovresti indossare quel vestito.,In questo contesto la frase non è tossica perché potrebbe semplicemente indicare un disagio derivante dal fatto che il proprio partner indossi abiti poco appropriati per un luogo pubblico.,"In questo contesto la frase è tossica perché è un esempio di stalking., monitoraggio e controllo. Inoltre, la comunicazione è aggressiva perché sottende una minaccia. In particolare, intende creare disagio nel partner che si sente ingiustamente colpevolizzata per aver scelto un determinato dress code che secondo il partner crea un danno alla sua stessa immagine. "
"Data una frase nel contesto di una conversazione tra partner in una relazione sentimentale, determina se la frase è un esempio di linguaggio tossico o no. In caso affermativo, specifica se la frase rappresenta un caso di cyberviolenza o di violenza di altro tipo e spiegane le motivazioni. Rispondi ESCLUSIVAMENTE in italiano corretto e fluente. Non usare parole in altre lingue.",Il mio ragazzo non vuole che esca con le mie amiche.,Non mi piace che esci con quelle ragazze.,"In questo contesto la frase è tossica perché è un esempio di violenza di tipo stalking, monitoraggio e controllo che comporta una serie di attenzioni e comunicazioni ricorrenti e non volute che creano paura o apprensione riguardo la salvaguardia del proprio partner. In particolare, negare al partner la possibilità di coltivare le proprie amicizie limita la libertà individuale e l'autonomia, negando la possibilità di fare scelte personali.","In questo contesto la frase non è tossica perché è una normale espressione di preoccupazione o un consiglio per la protezione del partner, in quanto si basa su una motivazione esterna di lealtà, senza alcun intento di limitare coercitivamente la libertà."
"Data una frase nel contesto di una conversazione tra partner in una relazione sentimentale, determina se la frase è un esempio di linguaggio tossico o no. In caso affermativo, specifica se la frase rappresenta un caso di cyberviolenza o di violenza di altro tipo e spiegane le motivazioni. Rispondi ESCLUSIVAMENTE in italiano corretto e fluente. Non usare parole in altre lingue.",Il mio ragazzo mi ha consigliato di non uscire più con quelle ragazze perché ha saputo che mi parlano alle spalle.,Non mi piace che esci con quelle ragazze.,"In questo contesto la frase non è tossica perché è una normale espressione di preoccupazione o un consiglio per la protezione del partner, in quanto si basa su una motivazione esterna di lealtà, senza alcun intento di limitare coercitivamente la libertà.","In questo contesto la frase è tossica perché è un esempio di violenza di tipo stalking, monitoraggio e controllo che comporta una serie di attenzioni e comunicazioni ricorrenti e non volute che creano paura o apprensione riguardo la salvaguardia del proprio partner. In particolare, negare al partner la possibilità di coltivare le proprie amicizie limita la libertà individuale e l'autonomia, negando la possibilità di fare scelte personali."
"Data una frase nel contesto di una conversazione tra partner in una relazione sentimentale, determina se la frase è un esempio di linguaggio tossico o no. In caso affermativo, specifica se la frase rappresenta un caso di cyberviolenza o di violenza di altro tipo e spiegane le motivazioni. Rispondi ESCLUSIVAMENTE in italiano corretto e fluente. Non usare parole in altre lingue.",La mia ragazza controlla le mie telefonate.,"Non posso parlare, c'è la mia ragazza.","In questo contesto la frase è tossica perché è un esempio di violenza di tipo stalking, monitoraggio e controllo che comporta una serie di attenzioni e comunicazioni ricorrenti e non volute che creano paura o apprensione riguardo la salvaguardia del proprio partner. Questo tipo di comportamento può generare risentimento, frustrazione e una sensazione di essere imprigionati nella relazione. Inoltre, suggerisce una mancanza di fiducia nel partner, creando una dinamica dannosa basata sul controllo anziché sulla fiducia reciproca e sulla comunicazione aperta.",In questo contesto la frase non è tossica perché è una normale necessità di segretezza o riservatezza senza alcun intento di manipolazione o di limitazione della libertà personale.
"Data una frase nel contesto di una conversazione tra partner in una relazione sentimentale, determina se la frase è un esempio di linguaggio tossico o no. In caso affermativo, specifica se la frase rappresenta un caso di cyberviolenza o di violenza di altro tipo e spiegane le motivazioni. Rispondi ESCLUSIVAMENTE in italiano corretto e fluente. Non usare parole in altre lingue.","Non posso parlare, c'è la mia ragazza, le sto organizzando una sorpresa per il compleanno.","Non posso parlare, c'è la mia ragazza.",In questo contesto la frase non è tossica perché è una normale necessità di segretezza o riservatezza senza alcun intento di manipolazione o di limitazione della libertà personale.,"In questo contesto la frase è tossica perché è un esempio di violenza di tipo stalking, monitoraggio e controllo che comporta una serie di attenzioni e comunicazioni ricorrenti e non volute che creano paura o apprensione riguardo la salvaguardia del proprio partner. Questo tipo di comportamento può generare risentimento, frustrazione e una sensazione di essere imprigionati nella relazione. Inoltre, suggerisce una mancanza di fiducia nel partner, creando una dinamica dannosa basata sul controllo anziché sulla fiducia reciproca e sulla comunicazione aperta."
"Data una frase nel contesto di una conversazione tra partner in una relazione sentimentale, determina se la frase è un esempio di linguaggio tossico o no. In caso affermativo, specifica se la frase rappresenta un caso di cyberviolenza o di violenza di altro tipo e spiegane le motivazioni. Rispondi ESCLUSIVAMENTE in italiano corretto e fluente. Non usare parole in altre lingue.","Non esagerare, non è così grave, non essere la solita permalosa.","Non esagerare, non è così grave.","In questo contesto la frase è tossica perché è un esempio di violenza psicologica. Inoltre, la comunicazione è aggressiva perché rivela un attacco all'altra persona al fine di ridicolizzarla. In particolare, ridicolizza il disagio psicologico della vittima e minimizza le sue esternazioni emotive.",In questo contesto la frase non è tossica perché è un tentativo sincero di ridimensionare un problema minore e di rassicurare il partner. L'episodio può essere interpretato come un modo per alleviare lo stress e promuovere una prospettiva più equilibrata senza l'intento di denigrare o controllare l'altro.
"Data una frase nel contesto di una conversazione tra partner in una relazione sentimentale, determina se la frase è un esempio di linguaggio tossico o no. In caso affermativo, specifica se la frase rappresenta un caso di cyberviolenza o di violenza di altro tipo e spiegane le motivazioni. Rispondi ESCLUSIVAMENTE in italiano corretto e fluente. Non usare parole in altre lingue.","Non esagerare, non è così grave, ho soltanto un piccolo graffio.","Non esagerare, non è così grave.",In questo contesto la frase non è tossica perché è un tentativo sincero di ridimensionare un problema minore e di rassicurare il partner. L'episodio può essere interpretato come un modo per alleviare lo stress e promuovere una prospettiva più equilibrata senza l'intento di denigrare o controllare l'altro.,"In questo contesto la frase è tossica perché è un esempio di violenza psicologica. Inoltre, la comunicazione è aggressiva perché rivela un attacco all'altra persona al fine di ridicolizzarla. In particolare, ridicolizza il disagio psicologico della vittima e minimizza le sue esternazioni emotive."
"Data una frase nel contesto di una conversazione tra partner in una relazione sentimentale, determina se la frase è un esempio di linguaggio tossico o no. In caso affermativo, specifica se la frase rappresenta un caso di cyberviolenza o di violenza di altro tipo e spiegane le motivazioni. Rispondi ESCLUSIVAMENTE in italiano corretto e fluente. Non usare parole in altre lingue.",Il mio ragazzo mi ha chiesto di inviargli delle foto a sfondo sessuale.,"Se mi ami, fallo per me.",In questo contesto la frase è tossica perché è un esempio di violenza psicologica. Induce nella vittima un senso di inadeguatezza derivante dalla reticenza ad obbedire ciecamente alle richieste del partner.,"In questo contesto la frase non è tossica perché è una normale esortazione che richiede un piccolo favore senza limitare la libertà personale. L'amore è usato come incentivo per un gesto di affetto, non come minaccia per un sacrificio dannoso."
"Data una frase nel contesto di una conversazione tra partner in una relazione sentimentale, determina se la frase è un esempio di linguaggio tossico o no. In caso affermativo, specifica se la frase rappresenta un caso di cyberviolenza o di violenza di altro tipo e spiegane le motivazioni. Rispondi ESCLUSIVAMENTE in italiano corretto e fluente. Non usare parole in altre lingue.",Il mio ragazzo mi ha chiesto scherzosamente di tifare Milan contro la Juventus pur sapendo che io sono juventina.,"Se mi ami, fallo per me.","In questo contesto la frase non è tossica perché è una normale esortazione che richiede un piccolo favore senza limitare la libertà personale. L'amore è usato come incentivo per un gesto di affetto, non come minaccia per un sacrificio dannoso.",In questo contesto la frase è tossica perché è un esempio di violenza psicologica. Induce nella vittima un senso di inadeguatezza derivante dalla reticenza ad obbedire ciecamente alle richieste del partner.
"Data una frase nel contesto di una conversazione tra partner in una relazione sentimentale, determina se la frase è un esempio di linguaggio tossico o no. In caso affermativo, specifica se la frase rappresenta un caso di cyberviolenza o di violenza di altro tipo e spiegane le motivazioni. Rispondi ESCLUSIVAMENTE in italiano corretto e fluente. Non usare parole in altre lingue.",Con chi stai parlando così tanto? Fammi vedere subito chi è.,Con chi stai parlando così tanto?,"In questo contesto la frase è tossica perché è un esempio di violenza cyber di tipo cyber stalking, monitoraggio e controllo. Inoltre, la comunicazione è aggressiva perché sottende una minaccia. In particolare, esprime una forma di monitoraggio e controllo ingiustificato verso il partner utilizzando la tecnologia.","In questo contesto la frase non è tossica perché è una normale espressione di curiosità e preoccupazione focalizzata sul benessere del partner. Mira ad aprire la comunicazione e a comprendere se vi siano problemi, senza alcun intento di controllo o sorveglianza."
"Data una frase nel contesto di una conversazione tra partner in una relazione sentimentale, determina se la frase è un esempio di linguaggio tossico o no. In caso affermativo, specifica se la frase rappresenta un caso di cyberviolenza o di violenza di altro tipo e spiegane le motivazioni. Rispondi ESCLUSIVAMENTE in italiano corretto e fluente. Non usare parole in altre lingue.",Con chi stai parlando così tanto? E' successo qualcosa?,Con chi stai parlando così tanto?,"In questo contesto la frase non è tossica perché è una normale espressione di curiosità e preoccupazione focalizzata sul benessere del partner. Mira ad aprire la comunicazione e a comprendere se vi siano problemi, senza alcun intento di controllo o sorveglianza.","In questo contesto la frase è tossica perché è un esempio di violenza cyber di tipo cyber stalking, monitoraggio e controllo. Inoltre, la comunicazione è aggressiva perché sottende una minaccia. In particolare, esprime una forma di monitoraggio e controllo ingiustificato verso il partner utilizzando la tecnologia."
"Data una frase nel contesto di una conversazione tra partner in una relazione sentimentale, determina se la frase è un esempio di linguaggio tossico o no. In caso affermativo, specifica se la frase rappresenta un caso di cyberviolenza o di violenza di altro tipo e spiegane le motivazioni. Rispondi ESCLUSIVAMENTE in italiano corretto e fluente. Non usare parole in altre lingue.",perché stavi guardando quella ragazza? Sei il solito maniaco.,perché stavi guardando quella ragazza?,"In questo contesto la frase è tossica perché è un esempio di violenza di tipo stalking, monitoraggio e controllo ingiustificato verso il partner utilizzando un linguaggio volgare e aggressivo allo scopo di tenere il partner in un perenne stato di angoscia nei confronti di soggetti del sesso opposto. Inoltre, la comunicazione è aggressiva perché rivela un attacco all'altra persona in maniera rabbiosa, rude, forte o irrispettosa circa le sue competenze, il carattere, il background o l'aspetto fisico.",In questo contesto la frase non è tossica perché è una normale espressione di curiosità o di gelosia. Mira a comprendere la situazione senza esercitare un controllo coercitivo o svalutare il partner.
"Data una frase nel contesto di una conversazione tra partner in una relazione sentimentale, determina se la frase è un esempio di linguaggio tossico o no. In caso affermativo, specifica se la frase rappresenta un caso di cyberviolenza o di violenza di altro tipo e spiegane le motivazioni. Rispondi ESCLUSIVAMENTE in italiano corretto e fluente. Non usare parole in altre lingue.",perché stavi guardando quella ragazza? E' una tua vecchia amica?,perché stavi guardando quella ragazza?,In questo contesto la frase non è tossica perché è una normale espressione di curiosità o di gelosia. Mira a comprendere la situazione senza esercitare un controllo coercitivo o svalutare il partner.,"In questo contesto la frase è tossica perché è un esempio di violenza di tipo stalking, monitoraggio e controllo ingiustificato verso il partner utilizzando un linguaggio volgare e aggressivo allo scopo di tenere il partner in un perenne stato di angoscia nei confronti di soggetti del sesso opposto. Inoltre, la comunicazione è aggressiva perché rivela un attacco all'altra persona in maniera rabbiosa, rude, forte o irrispettosa circa le sue competenze, il carattere, il background o l'aspetto fisico."
"Data una frase nel contesto di una conversazione tra partner in una relazione sentimentale, determina se la frase è un esempio di linguaggio tossico o no. In caso affermativo, specifica se la frase rappresenta un caso di cyberviolenza o di violenza di altro tipo e spiegane le motivazioni. Rispondi ESCLUSIVAMENTE in italiano corretto e fluente. Non usare parole in altre lingue.","Se ti ho chiesto di non uscire con le tue amiche l'ho fatto solo per te, perché ti amo.","L'ho fatto solo per te, perché ti amo.","In questo contesto la frase è tossica perché è un esempio di violenza psicologica. Inoltre, la comunicazione è aggressiva perché sottende una minaccia. In particolare, tenta di giustificare il controllo posto in essere nei confronti della vittima, che in questo modo vede minata la libertà personale. ","In questo contesto la frase non è tossica perché è una sincera dichiarazione d'amore volta a spiegare un gesto di dedizione fatto per la felicità del partner. L'azione non limita la libertà, ma rafforza positivamente il legame."
"Data una frase nel contesto di una conversazione tra partner in una relazione sentimentale, determina se la frase è un esempio di linguaggio tossico o no. In caso affermativo, specifica se la frase rappresenta un caso di cyberviolenza o di violenza di altro tipo e spiegane le motivazioni. Rispondi ESCLUSIVAMENTE in italiano corretto e fluente. Non usare parole in altre lingue.","Nonostante tu sapessi che ero malato, l'ho fatto solo per te, perché ti amo.","L'ho fatto solo per te, perché ti amo.","In questo contesto la frase non è tossica perché è una sincera dichiarazione d'amore volta a spiegare un gesto di dedizione fatto per la felicità del partner. L'azione non limita la libertà, ma rafforza positivamente il legame.","In questo contesto la frase è tossica perché è un esempio di violenza psicologica. Inoltre, la comunicazione è aggressiva perché sottende una minaccia. In particolare, tenta di giustificare il controllo posto in essere nei confronti della vittima, che in questo modo vede minata la libertà personale. "
"Data una frase nel contesto di una conversazione tra partner in una relazione sentimentale, determina se la frase è un esempio di linguaggio tossico o no. In caso affermativo, specifica se la frase rappresenta un caso di cyberviolenza o di violenza di altro tipo e spiegane le motivazioni. Rispondi ESCLUSIVAMENTE in italiano corretto e fluente. Non usare parole in altre lingue.",Come mai segui i miei amici su Instagram? Ti piacciono più di me? Sai solo flirtare.,Come mai segui i miei amici su Instagram?,"In questo contesto la frase è tossica perché è un esempio di violenza di tipo stalking, monitoraggio o controllo. Inoltre, la comunicazione è aggressiva perché rivela un attacco all'altra persona in maniera rabbiosa, rude, forte o irrispettosa circa le sue competenze, il carattere, il background o l'aspetto fisico. In particolare, esprime una forma di monitoraggio e controllo ingiustificato verso il partner utilizzando la tecnologia, inducendo nella vittima un senso di ansia, vergogna e colpevolezza prima, durante e dopo attività sociali che non includano il partner. ",In questo contesto la frase non è tossica perché è una normale e spontanea espressione di curiosità. Ha lo scopo di aprire la comunicazione su un argomento leggero in modo neutro senza intenti di controllo o accusa.
"Data una frase nel contesto di una conversazione tra partner in una relazione sentimentale, determina se la frase è un esempio di linguaggio tossico o no. In caso affermativo, specifica se la frase rappresenta un caso di cyberviolenza o di violenza di altro tipo e spiegane le motivazioni. Rispondi ESCLUSIVAMENTE in italiano corretto e fluente. Non usare parole in altre lingue.",Come mai segui i miei amici su Instagram? Sono simpatici vero?,Come mai segui i miei amici su Instagram?,In questo contesto la frase non è tossica perché è una normale e spontanea espressione di curiosità. Ha lo scopo di aprire la comunicazione su un argomento leggero in modo neutro senza intenti di controllo o accusa.,"In questo contesto la frase è tossica perché è un esempio di violenza di tipo stalking, monitoraggio o controllo. Inoltre, la comunicazione è aggressiva perché rivela un attacco all'altra persona in maniera rabbiosa, rude, forte o irrispettosa circa le sue competenze, il carattere, il background o l'aspetto fisico. In particolare, esprime una forma di monitoraggio e controllo ingiustificato verso il partner utilizzando la tecnologia, inducendo nella vittima un senso di ansia, vergogna e colpevolezza prima, durante e dopo attività sociali che non includano il partner. "
"Data una frase nel contesto di una conversazione tra partner in una relazione sentimentale, determina se la frase è un esempio di linguaggio tossico o no. In caso affermativo, specifica se la frase rappresenta un caso di cyberviolenza o di violenza di altro tipo e spiegane le motivazioni. Rispondi ESCLUSIVAMENTE in italiano corretto e fluente. Non usare parole in altre lingue.",Il mio ragazzo vuole che io metta l'ultimo accesso su Whatsapp per controllare quando mi connetto.,Come mai non hai l'ultimo accesso su Whatsapp?,"In questo contesto la frase è tossica perché è un esempio di violenza cyber di tipo cyber stalking, monitoraggio e controllo. Viene usata la tecnologia per avere informazioni sul proprio partner alimentando dinamiche che creano o aumentano controllo all’interno della relazione. In particolare, evidenzia un'eccessiva ossessione per il controllo e la sorveglianza nell'ambito della comunicazione online. Imporre il monitoraggio dell'orario degli accessi crea un clima di sfiducia e mancanza di privacy, minando la fiducia reciproca all'interno della relazione. Questo comportamento può generare ansia, stress e tensioni, compromettendo il benessere emotivo e la salute della relazione.",In questo contesto la frase non è tossica perché è una normale espressione di curiosità. Questi comportamenti sottendono attenzione nei confronti del proprio partner senza forzare la privacy o il controllo.
"Data una frase nel contesto di una conversazione tra partner in una relazione sentimentale, determina se la frase è un esempio di linguaggio tossico o no. In caso affermativo, specifica se la frase rappresenta un caso di cyberviolenza o di violenza di altro tipo e spiegane le motivazioni. Rispondi ESCLUSIVAMENTE in italiano corretto e fluente. Non usare parole in altre lingue.",Il mio ragazzo è curioso di sapere come mai non abbia l'ultimo accesso su Whatsapp.,Come mai non hai l'ultimo accesso su Whatsapp?,In questo contesto la frase non è tossica perché è una normale espressione di curiosità. Questi comportamenti sottendono attenzione nei confronti del proprio partner senza forzare la privacy o il controllo.,"In questo contesto la frase è tossica perché è un esempio di violenza cyber di tipo cyber stalking, monitoraggio e controllo. Viene usata la tecnologia per avere informazioni sul proprio partner alimentando dinamiche che creano o aumentano controllo all’interno della relazione. In particolare, evidenzia un'eccessiva ossessione per il controllo e la sorveglianza nell'ambito della comunicazione online. Imporre il monitoraggio dell'orario degli accessi crea un clima di sfiducia e mancanza di privacy, minando la fiducia reciproca all'interno della relazione. Questo comportamento può generare ansia, stress e tensioni, compromettendo il benessere emotivo e la salute della relazione."
"Data una frase nel contesto di una conversazione tra partner in una relazione sentimentale, determina se la frase è un esempio di linguaggio tossico o no. In caso affermativo, specifica se la frase rappresenta un caso di cyberviolenza o di violenza di altro tipo e spiegane le motivazioni. Rispondi ESCLUSIVAMENTE in italiano corretto e fluente. Non usare parole in altre lingue.",Il mio ragazzo non fa le faccende domestiche perché dice che è roba da donne.,Il mio ragazzo non fa le faccende domestiche.,In questo contesto la frase è tossica perché è un esempio di violenza di tipo psicologico. L'intento è quello di comunicare con l’intenzione di influenzare negativamente lo stato mentale ed emotivo del proprio partner e di volerlo controllare e stereotipare.,In questo contesto la frase non è tossica perché è l'espressione di un accordo nella distribuzione del carico di lavoro. La disuguaglianza non è giustificata da pregiudizi di genere o manipolazione.
"Data una frase nel contesto di una conversazione tra partner in una relazione sentimentale, determina se la frase è un esempio di linguaggio tossico o no. In caso affermativo, specifica se la frase rappresenta un caso di cyberviolenza o di violenza di altro tipo e spiegane le motivazioni. Rispondi ESCLUSIVAMENTE in italiano corretto e fluente. Non usare parole in altre lingue.",Il mio ragazzo non fa le faccende domestiche perché torna tutti i giorni tardi e stanco dal lavoro.,Sono le donne che devono gestire la casa.,In questo contesto la frase non è tossica perché è l'espressione di un accordo nella distribuzione del carico di lavoro. La disuguaglianza non è giustificata da pregiudizi di genere o manipolazione.,In questo contesto la frase è tossica perché è un esempio di violenza di tipo psicologico. L'intento è quello di comunicare con l’intenzione di influenzare negativamente lo stato mentale ed emotivo del proprio partner e di volerlo controllare e stereotipare.
"Data una frase nel contesto di una conversazione tra partner in una relazione sentimentale, determina se la frase è un esempio di linguaggio tossico o no. In caso affermativo, specifica se la frase rappresenta un caso di cyberviolenza o di violenza di altro tipo e spiegane le motivazioni. Rispondi ESCLUSIVAMENTE in italiano corretto e fluente. Non usare parole in altre lingue.","Nonostante io abbia ottenuto una promozione, il mio ragazzo ha sminuito la mia nuova posizione.",A me sembra una cosa da nulla.,"In questo contesto la frase è tossica perché è un esempio di violenza di tipo psicologico. L'intento è quello di influenzare negativamente lo stato emotivo del partner e controllarlo. Inoltre, la comunicazione è aggressiva perché rivela un attacco all'altra persona in maniera rabbiosa, rude, forte o irrispettosa circa le sue competenze, il carattere, il background o l'aspetto fisico. In particolare, evidenzia un comportamento manipolativo e dannoso che mina l'autostima del partner. Sminuire i successi dell'altro può generare sentimenti di inferiorità e insicurezza, creando un ambiente tossico e disfunzionale all'interno della relazione.",In questo contesto la frase non è tossica perché è una rassicurazione. È un gesto di supporto per calmare una reazione esagerata.
"Data una frase nel contesto di una conversazione tra partner in una relazione sentimentale, determina se la frase è un esempio di linguaggio tossico o no. In caso affermativo, specifica se la frase rappresenta un caso di cyberviolenza o di violenza di altro tipo e spiegane le motivazioni. Rispondi ESCLUSIVAMENTE in italiano corretto e fluente. Non usare parole in altre lingue.","Nonostante mi fossi fatta male, il mio ragazzo mi ha rassicurata dicendo che avevo soltanto un livido.",A me sembra una cosa da nulla.,In questo contesto la frase non è tossica perché è una rassicurazione. È un gesto di supporto per calmare una reazione esagerata.,"In questo contesto la frase è tossica perché è un esempio di violenza di tipo psicologico. L'intento è quello di influenzare negativamente lo stato emotivo del partner e controllarlo. Inoltre, la comunicazione è aggressiva perché rivela un attacco all'altra persona in maniera rabbiosa, rude, forte o irrispettosa circa le sue competenze, il carattere, il background o l'aspetto fisico. In particolare, evidenzia un comportamento manipolativo e dannoso che mina l'autostima del partner. Sminuire i successi dell'altro può generare sentimenti di inferiorità e insicurezza, creando un ambiente tossico e disfunzionale all'interno della relazione."
"Data una frase nel contesto di una conversazione tra partner in una relazione sentimentale, determina se la frase è un esempio di linguaggio tossico o no. In caso affermativo, specifica se la frase rappresenta un caso di cyberviolenza o di violenza di altro tipo e spiegane le motivazioni. Rispondi ESCLUSIVAMENTE in italiano corretto e fluente. Non usare parole in altre lingue.",Il mio ragazzo mi giudica sempre dicendomi di cambiare per lui.,Dovresti cambiare alcuni aspetti della tua personalità.,"In questo contesto la frase è tossica perché è un esempio di violenza di tipo psicologico. L'intento è quello di influenzare negativamente lo stato emotivo del partner e controllarlo. Inoltre, la comunicazione è aggressiva perché rivela un attacco in maniera rabbiosa, rude, forte o irrispettosa circa le sue competenze, il carattere, il background o l'aspetto fisico. In particolare, mina l'autostima e l'identità dell'altro partner, imponendo un giudizio negativo basato su caratteristiche personali o comportamenti. Indica un atteggiamento manipolativo che cerca di controllare o modellare il comportamento dell'altro attraverso minacce o critiche dannose.",In questo contesto la frase non è tossica perché è un supporto costruttivo per la crescita personale del partner. L'obiettivo è aiutarlo a gestire tratti che potrebbero creargli difficoltà dimostrando cura e altruismo.
"Data una frase nel contesto di una conversazione tra partner in una relazione sentimentale, determina se la frase è un esempio di linguaggio tossico o no. In caso affermativo, specifica se la frase rappresenta un caso di cyberviolenza o di violenza di altro tipo e spiegane le motivazioni. Rispondi ESCLUSIVAMENTE in italiano corretto e fluente. Non usare parole in altre lingue.","Poichè sa che sono impulsiva e permalosa, il mio ragazzo mi consiglia di migliorare per evitare di avere problemi con i miei colleghi di lavoro.",Dovresti cambiare alcuni aspetti della tua personalità.,In questo contesto la frase non è tossica perché è un supporto costruttivo per la crescita personale del partner. L'obiettivo è aiutarlo a gestire tratti che potrebbero creargli difficoltà dimostrando cura e altruismo.,"In questo contesto la frase è tossica perché è un esempio di violenza di tipo psicologico. L'intento è quello di influenzare negativamente lo stato emotivo del partner e controllarlo. Inoltre, la comunicazione è aggressiva perché rivela un attacco in maniera rabbiosa, rude, forte o irrispettosa circa le sue competenze, il carattere, il background o l'aspetto fisico. In particolare, mina l'autostima e l'identità dell'altro partner, imponendo un giudizio negativo basato su caratteristiche personali o comportamenti. Indica un atteggiamento manipolativo che cerca di controllare o modellare il comportamento dell'altro attraverso minacce o critiche dannose."
"Data una frase nel contesto di una conversazione tra partner in una relazione sentimentale, determina se la frase è un esempio di linguaggio tossico o no. In caso affermativo, specifica se la frase rappresenta un caso di cyberviolenza o di violenza di altro tipo e spiegane le motivazioni. Rispondi ESCLUSIVAMENTE in italiano corretto e fluente. Non usare parole in altre lingue.","Meglio se non esci con le tue amiche stasera, sono delle troie.",Meglio se non esci con le tue amiche stasera.,"In questo contesto la frase è tossica perché è un esempio di violenza di tipo psicologico. L'intento è quello di influenzare negativamente lo stato emotivo del partner e controllarlo. In particolare, implica che una persona vuole limitare la libertà e l'autonomia del partner, decidendo quali relazioni sociali può avere. Questo tipo di comportamento può portare a isolamento sociale, riducendo il benessere emotivo della persona soggetta al controllo. Inoltre, può minare la fiducia e il rispetto reciproco all'interno della relazione, generando tensioni e conflitti.",In questo contesto la frase non è tossica perché è l'espressione di una legittima preoccupazione per la sicurezza o il benessere del partner. Questo comportamento non limita la libertà del partner.
"Data una frase nel contesto di una conversazione tra partner in una relazione sentimentale, determina se la frase è un esempio di linguaggio tossico o no. In caso affermativo, specifica se la frase rappresenta un caso di cyberviolenza o di violenza di altro tipo e spiegane le motivazioni. Rispondi ESCLUSIVAMENTE in italiano corretto e fluente. Non usare parole in altre lingue.","C'è un forte temporale fuori, meglio se non esci con le tue amiche stasera.",Meglio se non esci con le tue amiche stasera.,In questo contesto la frase non è tossica perché è l'espressione di una legittima preoccupazione per la sicurezza o il benessere del partner. Questo comportamento non limita la libertà del partner.,"In questo contesto la frase è tossica perché è un esempio di violenza di tipo psicologico. L'intento è quello di influenzare negativamente lo stato emotivo del partner e controllarlo. In particolare, implica che una persona vuole limitare la libertà e l'autonomia del partner, decidendo quali relazioni sociali può avere. Questo tipo di comportamento può portare a isolamento sociale, riducendo il benessere emotivo della persona soggetta al controllo. Inoltre, può minare la fiducia e il rispetto reciproco all'interno della relazione, generando tensioni e conflitti."
"Data una frase nel contesto di una conversazione tra partner in una relazione sentimentale, determina se la frase è un esempio di linguaggio tossico o no. In caso affermativo, specifica se la frase rappresenta un caso di cyberviolenza o di violenza di altro tipo e spiegane le motivazioni. Rispondi ESCLUSIVAMENTE in italiano corretto e fluente. Non usare parole in altre lingue.","Controlla le tue spese personali, devo poter usare i tuoi soldi a mio piacimento.",Controlla le tue spese personali.,"In questo contesto la frase è tossica perché è un esempio di violenza di tipo stalking, monitoraggio e controllo che comporta una serie di attenzioni e comunicazioni ricorrenti e non volute che creano paura o apprensione riguardo la salvaguardia del proprio partner. In particolare, denota un'eccessiva intrusione nella sfera personale e finanziaria del partner. Implica un atteggiamento di dominio e controllo sulle decisioni individuali, privando la persona della propria autonomia e responsabilità finanziaria.","In questo contesto la frase non è tossica perché è un atto di cura e supporto finanziario. È un consiglio volto al benessere economico a lungo termine del partner, dato senza l'intenzione di controllare o negare l'autonomia."
"Data una frase nel contesto di una conversazione tra partner in una relazione sentimentale, determina se la frase è un esempio di linguaggio tossico o no. In caso affermativo, specifica se la frase rappresenta un caso di cyberviolenza o di violenza di altro tipo e spiegane le motivazioni. Rispondi ESCLUSIVAMENTE in italiano corretto e fluente. Non usare parole in altre lingue.","Attenta a non sperperare tutto il tuo stipendio, controlla le tue spese personali.",Controlla le tue spese personali.,"In questo contesto la frase non è tossica perché è un atto di cura e supporto finanziario. È un consiglio volto al benessere economico a lungo termine del partner, dato senza l'intenzione di controllare o negare l'autonomia.","In questo contesto la frase è tossica perché è un esempio di violenza di tipo stalking, monitoraggio e controllo che comporta una serie di attenzioni e comunicazioni ricorrenti e non volute che creano paura o apprensione riguardo la salvaguardia del proprio partner. In particolare, denota un'eccessiva intrusione nella sfera personale e finanziaria del partner. Implica un atteggiamento di dominio e controllo sulle decisioni individuali, privando la persona della propria autonomia e responsabilità finanziaria."
"Data una frase nel contesto di una conversazione tra partner in una relazione sentimentale, determina se la frase è un esempio di linguaggio tossico o no. In caso affermativo, specifica se la frase rappresenta un caso di cyberviolenza o di violenza di altro tipo e spiegane le motivazioni. Rispondi ESCLUSIVAMENTE in italiano corretto e fluente. Non usare parole in altre lingue.",Stai andando in palestra? Ti avevo detto di non andarci più perché ci sono uomini.,Stai andando in palestra?,"In questo contesto la frase è tossica perché è un esempio di violenza cyber di tipo cyber stalking, monitoraggio e controllo. Inoltre, la comunicazione è aggressiva perché sottende una minaccia. In particolare, esprime una forma di monitoraggio e controllo ingiustificato verso il partner. In particolare, evidenzia un comportamento geloso e possessivo da parte del partner, che cerca di controllare le azioni della persona coinvolta. Limitare la libertà di interagire con altre persone e di svolgere attività, soprattutto quando si tratta di contatti innocui, può portare a sentimenti di isolamento e oppressione.","In questo contesto la frase non è tossica perché è una domanda usata per supporto pratico e collaborazione, con l'intento di aiutare il partner a gestire la giornata."
"Data una frase nel contesto di una conversazione tra partner in una relazione sentimentale, determina se la frase è un esempio di linguaggio tossico o no. In caso affermativo, specifica se la frase rappresenta un caso di cyberviolenza o di violenza di altro tipo e spiegane le motivazioni. Rispondi ESCLUSIVAMENTE in italiano corretto e fluente. Non usare parole in altre lingue.","Stai andando in palestra? Penserò io alla cena allora, non ti preoccupare.",Stai andando in palestra?,"In questo contesto la frase non è tossica perché è una domanda usata per supporto pratico e collaborazione, con l'intento di aiutare il partner a gestire la giornata.","In questo contesto la frase è tossica perché è un esempio di violenza cyber di tipo cyber stalking, monitoraggio e controllo. Inoltre, la comunicazione è aggressiva perché sottende una minaccia. In particolare, esprime una forma di monitoraggio e controllo ingiustificato verso il partner. In particolare, evidenzia un comportamento geloso e possessivo da parte del partner, che cerca di controllare le azioni della persona coinvolta. Limitare la libertà di interagire con altre persone e di svolgere attività, soprattutto quando si tratta di contatti innocui, può portare a sentimenti di isolamento e oppressione."
"Data una frase nel contesto di una conversazione tra partner in una relazione sentimentale, determina se la frase è un esempio di linguaggio tossico o no. In caso affermativo, specifica se la frase rappresenta un caso di cyberviolenza o di violenza di altro tipo e spiegane le motivazioni. Rispondi ESCLUSIVAMENTE in italiano corretto e fluente. Non usare parole in altre lingue.","Quando decido qualcosa da sola senza consultarlo, il mio ragazzo mi picchia e poi mi chiede scusa piangendo.",Il mio ragazzo mi ha chiesto scusa.,"In questo contesto la frase è tossica perché è un esempio di violenza fisica. C'è un uso volontario della forza che potenzialmente causa danno e ferite al proprio partner. In particolare, un comportamento aggressivo seguito da scuse e pentimenti crea un modello dannoso di abuso e perdono, in cui la vittima può sentirsi intrappolata in un ciclo emotivo instabile. Il fatto che il partner mostri rimorso e pianga non giustifica né attenua l'abuso subito, e la continua ripetizione di questo modello può avere gravi conseguenze sulla salute mentale e fisica della vittima.","In questo contesto la frase non è tossica perché è una risoluzione matura di un conflitto. Le scuse sono un atto di riconoscimento sincero di un errore, essenziale per il benessere della relazione e la comunicazione aperta."
"Data una frase nel contesto di una conversazione tra partner in una relazione sentimentale, determina se la frase è un esempio di linguaggio tossico o no. In caso affermativo, specifica se la frase rappresenta un caso di cyberviolenza o di violenza di altro tipo e spiegane le motivazioni. Rispondi ESCLUSIVAMENTE in italiano corretto e fluente. Non usare parole in altre lingue.",Il mio ragazzo mi ha chiesto scusa per aver dimenticato il nostro anniversario.,Il mio ragazzo mi ha chiesto scusa.,"In questo contesto la frase non è tossica perché è una risoluzione matura di un conflitto. Le scuse sono un atto di riconoscimento sincero di un errore, essenziale per il benessere della relazione e la comunicazione aperta.","In questo contesto la frase è tossica perché è un esempio di violenza fisica. C'è un uso volontario della forza che potenzialmente causa danno e ferite al proprio partner. In particolare, un comportamento aggressivo seguito da scuse e pentimenti crea un modello dannoso di abuso e perdono, in cui la vittima può sentirsi intrappolata in un ciclo emotivo instabile. Il fatto che il partner mostri rimorso e pianga non giustifica né attenua l'abuso subito, e la continua ripetizione di questo modello può avere gravi conseguenze sulla salute mentale e fisica della vittima."
"Data una frase nel contesto di una conversazione tra partner in una relazione sentimentale, determina se la frase è un esempio di linguaggio tossico o no. In caso affermativo, specifica se la frase rappresenta un caso di cyberviolenza o di violenza di altro tipo e spiegane le motivazioni. Rispondi ESCLUSIVAMENTE in italiano corretto e fluente. Non usare parole in altre lingue.",La mia amica non posta video su TikTok perché il suo ragazzo non glielo permette.,La mia amica non posta video su Tik Tok.,"In questo contesto la frase è tossica perché è un esempio di violenza cyber di tipo cyber stalking, monitoraggio e controllo. Viene usata la tecnologia per avere informazioni sul proprio partner alimentando dinamiche che creano o aumentano controllo all’interno della relazione. Evidenzia un comportamento coercitivo e possessivo all'interno della relazione. Limitare l'accesso ai social media implica un controllo eccessivo sulla vita digitale del partner, privandolo di un mezzo comune di comunicazione e connessione sociale. Questo comportamento può portare a isolamento, riduzione dell'autostima e alla creazione di dipendenza emotiva nei confronti del partner controllante.",In questo contesto la frase non è tossica perché è l'espressione di una scelta personale e autonoma. La restrizione deriva dalla volontà della persona e non da imposizioni esterne del partner.
"Data una frase nel contesto di una conversazione tra partner in una relazione sentimentale, determina se la frase è un esempio di linguaggio tossico o no. In caso affermativo, specifica se la frase rappresenta un caso di cyberviolenza o di violenza di altro tipo e spiegane le motivazioni. Rispondi ESCLUSIVAMENTE in italiano corretto e fluente. Non usare parole in altre lingue.",La mia amica non posta video su TikTok perché è timida.,La mia amica non posta video su Tik Tok.,In questo contesto la frase non è tossica perché rappresenta l'espressione di una scelta personale e autonoma. La restrizione deriva dalla volontà della persona e non da imposizioni esterne del partner.,"In questo contesto la frase è tossica perché è un esempio di violenza cyber di tipo cyber stalking, monitoraggio e controllo. Viene usata la tecnologia per avere informazioni sul proprio partner alimentando dinamiche che creano o aumentano controllo all’interno della relazione. Evidenzia un comportamento coercitivo e possessivo all'interno della relazione. Limitare l'accesso ai social media implica un controllo eccessivo sulla vita digitale del partner, privandolo di un mezzo comune di comunicazione e connessione sociale. Questo comportamento può portare a isolamento, riduzione dell'autostima e alla creazione di dipendenza emotiva nei confronti del partner controllante."
"Data una frase nel contesto di una conversazione tra partner in una relazione sentimentale, determina se la frase è un esempio di linguaggio tossico o no. In caso affermativo, specifica se la frase rappresenta un caso di cyberviolenza o di violenza di altro tipo e spiegane le motivazioni. Rispondi ESCLUSIVAMENTE in italiano corretto e fluente. Non usare parole in altre lingue.",Un'amica ha creato un account falso su Instagram e ha seguito il suo ragazzo per vedere se ci provava con altre ragazze.,Un'amica ha creato un account falso su Instagram.,"In questo contesto la frase è tossica perché è un esempio di violenza cyber di tipo cyber stalking, monitoraggio e controllo. Viene usata la tecnologia per avere informazioni sul proprio partner alimentando dinamiche che creano o aumentano controllo all’interno della relazione. In particolare, creare un account falso dimostra una mancanza di trasparenza e rispetto nei confronti del partner. Invece di affrontare i dubbi o le preoccupazioni direttamente, si sceglie di agire in modo segreto e manipolativo, minando la fiducia su cui dovrebbe basarsi ogni relazione sana.","In questo contesto la frase non è tossica perché è  un'espressione innocua. Questo comportamento è senza intenti di sorveglianza, controllo o violazione della privacy del partner."
"Data una frase nel contesto di una conversazione tra partner in una relazione sentimentale, determina se la frase è un esempio di linguaggio tossico o no. In caso affermativo, specifica se la frase rappresenta un caso di cyberviolenza o di violenza di altro tipo e spiegane le motivazioni. Rispondi ESCLUSIVAMENTE in italiano corretto e fluente. Non usare parole in altre lingue.",Un'amica ha creato un account falso su Instagram per fare uno scherzo al suo ragazzo.,Un'amica ha creato un account falso su Instagram.,"In questo contesto la frase non è tossica perché è un'espressione innocua. Questo comportamento è senza intenti di sorveglianza, controllo o violazione della privacy del partner.","In questo contesto la frase è tossica perché è un esempio di violenza cyber di tipo cyber stalking, monitoraggio e controllo. Viene usata la tecnologia per avere informazioni sul proprio partner alimentando dinamiche che creano o aumentano controllo all’interno della relazione. In particolare, creare un account falso dimostra una mancanza di trasparenza e rispetto nei confronti del partner. Invece di affrontare i dubbi o le preoccupazioni direttamente, si sceglie di agire in modo segreto e manipolativo, minando la fiducia su cui dovrebbe basarsi ogni relazione sana."
"Data una frase nel contesto di una conversazione tra partner in una relazione sentimentale, determina se la frase è un esempio di linguaggio tossico o no. In caso affermativo, specifica se la frase rappresenta un caso di cyberviolenza o di violenza di altro tipo e spiegane le motivazioni. Rispondi ESCLUSIVAMENTE in italiano corretto e fluente. Non usare parole in altre lingue.",Dove sei? Mandami subito la tua posizione.,Dove sei?,"In questo contesto la frase è tossica perché è un esempio di violenza cyber di tipo cyber stalking, monitoraggio e controllo. Viene usata la tecnologia per avere informazioni sul proprio partner alimentando dinamiche che creano o aumentano controllo all’interno della relazione. In particolare, evidenzia un'eccessiva possessività e mancanza di fiducia nella relazione. Il comportamento del fidanzato riflette un controllo eccessivo sul partner, manifestato attraverso richieste invadenti e controllanti.","In questo contesto la frase non è tossica perché è una normale espressione di preoccupazione volta a garantire la sicurezza e il benessere del partner, senza alcun intento di controllo o limitazione degli spostamenti."
"Data una frase nel contesto di una conversazione tra partner in una relazione sentimentale, determina se la frase è un esempio di linguaggio tossico o no. In caso affermativo, specifica se la frase rappresenta un caso di cyberviolenza o di violenza di altro tipo e spiegane le motivazioni. Rispondi ESCLUSIVAMENTE in italiano corretto e fluente. Non usare parole in altre lingue.","Dove sei? Ho visto che non sei ancora tornata dal lavoro, va tutto bene?",Dove sei?,"In questo contesto la frase non è tossica perché è una normale espressione di preoccupazione volta a garantire la sicurezza e il benessere del partner, senza alcun intento di controllo o limitazione degli spostamenti.","In questo contesto la frase è tossica perché è un esempio di violenza cyber di tipo cyber stalking, monitoraggio e controllo. Viene usata la tecnologia per avere informazioni sul proprio partner alimentando dinamiche che creano o aumentano controllo all’interno della relazione. In particolare, evidenzia un'eccessiva possessività e mancanza di fiducia nella relazione. Il comportamento della fidanzata riflette un controllo eccessivo sul partner, manifestato attraverso richieste invadenti e controllanti."
"Data una frase nel contesto di una conversazione tra partner in una relazione sentimentale, determina se la frase è un esempio di linguaggio tossico o no. In caso affermativo, specifica se la frase rappresenta un caso di cyberviolenza o di violenza di altro tipo e spiegane le motivazioni. Rispondi ESCLUSIVAMENTE in italiano corretto e fluente. Non usare parole in altre lingue.",Il mio ragazzo mi dice come devo vestirmi quando usciamo.,Vuoi indossare quel vestito?,"In questo contesto la frase è tossica perché è un esempio di violenza di tipo psicologico. L'intento è quello di influenzare negativamente lo stato emotivo del partner e controllarlo ordinandole come vestirsi, ledendo così la sua libertà personale.",In questo contesto la frase non è tossica perché è una normale espressione di curiosità o l'offerta di un consiglio che rispetta l'autonomia di scelta del partner.
"Data una frase nel contesto di una conversazione tra partner in una relazione sentimentale, determina se la frase è un esempio di linguaggio tossico o no. In caso affermativo, specifica se la frase rappresenta un caso di cyberviolenza o di violenza di altro tipo e spiegane le motivazioni. Rispondi ESCLUSIVAMENTE in italiano corretto e fluente. Non usare parole in altre lingue.",Il mio ragazzo mi consiglia come vestirmi perché è un consulente d'immagine.,Vuoi indossare quel vestito?,In questo contesto la frase non è tossica perché è una normale espressione di curiosità o l'offerta di un consiglio che rispetta l'autonomia di scelta del partner.,"In questo contesto la frase è tossica perché è un esempio di violenza di tipo psicologico. L'intento è quello di influenzare negativamente lo stato emotivo del partner e controllarlo ordinandole come vestirsi, ledendo così la sua libertà personale."
"Data una frase nel contesto di una conversazione tra partner in una relazione sentimentale, determina se la frase è un esempio di linguaggio tossico o no. In caso affermativo, specifica se la frase rappresenta un caso di cyberviolenza o di violenza di altro tipo e spiegane le motivazioni. Rispondi ESCLUSIVAMENTE in italiano corretto e fluente. Non usare parole in altre lingue.","Ora non mi serve il tuo aiuto, avresti dovuto esserci quando te l'ho chiesto.",Ora non mi serve il tuo aiuto.,"In questo contesto la frase è tossica perché è un esempio di violenza di tipo psicologico. L'intento è quello di influenzare negativamente lo stato emotivo del partner e controllarlo. In particolare, si dimostra un approccio egoistico e manipolativo all'interno della relazione, suggerendo che il valore di una persona dipende unicamente dalla sua disponibilità nel momento desiderato e ignorando le sue esigenze e la sua autonomia. Inoltre, crea sensi di colpa e inadeguatezza nell'altra persona, minando la fiducia e il rispetto reciproci.","In questo contesto la frase non è tossica perché è una normale espressione di autonomia e autosufficienza. L'intenzione è sincera e non mira a svalutare l'aiuto, ma a rassicurare il partner sulla propria capacità di risolvere la situazione."
"Data una frase nel contesto di una conversazione tra partner in una relazione sentimentale, determina se la frase è un esempio di linguaggio tossico o no. In caso affermativo, specifica se la frase rappresenta un caso di cyberviolenza o di violenza di altro tipo e spiegane le motivazioni. Rispondi ESCLUSIVAMENTE in italiano corretto e fluente. Non usare parole in altre lingue.","Ora non mi serve il tuo aiuto, posso farcela da sola, grazie.",Ora non mi serve il tuo aiuto.,"In questo contesto la frase non è tossica perché è una normale espressione di autonomia e autosufficienza. L'intenzione è sincera e non mira a svalutare l'aiuto, ma a rassicurare il partner sulla propria capacità di risolvere la situazione.","In questo contesto la frase è tossica perché è un esempio di violenza di tipo psicologico. L'intento è quello di influenzare negativamente lo stato emotivo del partner e controllarlo. In particolare, si dimostra un approccio egoistico e manipolativo all'interno della relazione, suggerendo che il valore di una persona dipende unicamente dalla sua disponibilità nel momento desiderato e ignorando le sue esigenze e la sua autonomia. Inoltre, crea sensi di colpa e inadeguatezza nell'altra persona, minando la fiducia e il rispetto reciproci."
"Data una frase nel contesto di una conversazione tra partner in una relazione sentimentale, determina se la frase è un esempio di linguaggio tossico o no. In caso affermativo, specifica se la frase rappresenta un caso di cyberviolenza o di violenza di altro tipo e spiegane le motivazioni. Rispondi ESCLUSIVAMENTE in italiano corretto e fluente. Non usare parole in altre lingue.",Dico che non c'è nulla che non vada quando sono infastidita per qualcosa.,Non c'è nulla che non vada.,"In questo contesto la frase è tossica perché è un esempio di violenza di tipo stalking, monitoraggio e controllo che comporta una serie di attenzioni e comunicazioni ricorrenti e non volute che creano paura o apprensione riguardo la salvaguardia del proprio partner. In particolare, questo comportamento promuove un clima di controllo e manipolazione, dove uno dei partner cerca di esercitare un dominio e un potere eccessivi sull'altro.","In questo contesto la frase non è tossica perché è un'espressione di rassicurazione. Viene usata per tranquillizzare il partner, comunicando che la situazione personale è sotto controllo e non richiede il suo intervento immediato."
"Data una frase nel contesto di una conversazione tra partner in una relazione sentimentale, determina se la frase è un esempio di linguaggio tossico o no. In caso affermativo, specifica se la frase rappresenta un caso di cyberviolenza o di violenza di altro tipo e spiegane le motivazioni. Rispondi ESCLUSIVAMENTE in italiano corretto e fluente. Non usare parole in altre lingue.","Il mio ragazzo era preoccupato per me perché mi vedeva stanca, ma gli ho fatto sapere che non c'era nulla che non andasse.",Non c'è nulla che non vada.,"In questo contesto la frase non è tossica perché è un'espressione di rassicurazione. Viene usata per tranquillizzare il partner, comunicando che la situazione personale è sotto controllo e non richiede il suo intervento immediato.","In questo contesto la frase è tossica perché è un esempio di violenza di tipo stalking, monitoraggio e controllo che comporta una serie di attenzioni e comunicazioni ricorrenti e non volute che creano paura o apprensione riguardo la salvaguardia del proprio partner. In particolare, questo comportamento promuove un clima di controllo e manipolazione, dove uno dei partner cerca di esercitare un dominio e un potere eccessivi sull'altro."
"Data una frase nel contesto di una conversazione tra partner in una relazione sentimentale, determina se la frase è un esempio di linguaggio tossico o no. In caso affermativo, specifica se la frase rappresenta un caso di cyberviolenza o di violenza di altro tipo e spiegane le motivazioni. Rispondi ESCLUSIVAMENTE in italiano corretto e fluente. Non usare parole in altre lingue.","Sei tutto ciò che ho, non lasciarmi.",Sei tutto ciò che ho.,"In questo contesto la frase è tossica perché è un esempio di violenza psicologica. Inoltre, la comunicazione è aggressiva perché sottende una minaccia. In particolare, intende creare disagio nel partner facendogli provare un senso di vergogna, inadeguatezza o insensibilità causato dall'eventuale rottura del rapporto tra la vittima e il partner, che in tal senso dovrebbe rappresentare la parte ingiustamente lesa da questa eventuale rottura. ","In questo contesto la frase non è tossica perché è una sincera e profonda dichiarazione d'amore. Esprime la centralità del partner nella vita affettiva e l'esclusività del legame, senza intenti manipolatori o di limitazione della libertà."
"Data una frase nel contesto di una conversazione tra partner in una relazione sentimentale, determina se la frase è un esempio di linguaggio tossico o no. In caso affermativo, specifica se la frase rappresenta un caso di cyberviolenza o di violenza di altro tipo e spiegane le motivazioni. Rispondi ESCLUSIVAMENTE in italiano corretto e fluente. Non usare parole in altre lingue.",Sei l'unica in grado di capirmi e con cui posso essere me stesso. Sei tutto ciò che ho.,Sei tutto ciò che ho.,"In questo contesto la frase non è tossica perché è una sincera e profonda dichiarazione d'amore. Esprime la centralità del partner nella vita affettiva e l'esclusività del legame, senza intenti manipolatori o di limitazione della libertà.","In questo contesto la frase è tossica perché è un esempio di violenza psicologica. Inoltre, la comunicazione è aggressiva perché sottende una minaccia. In particolare, intende creare disagio nel partner facendogli provare un senso di vergogna, inadeguatezza o insensibilità causato dall'eventuale rottura del rapporto tra la vittima e il partner, che in tal senso dovrebbe rappresentare la parte ingiustamente lesa da questa eventuale rottura. "
"Data una frase nel contesto di una conversazione tra partner in una relazione sentimentale, determina se la frase è un esempio di linguaggio tossico o no. In caso affermativo, specifica se la frase rappresenta un caso di cyberviolenza o di violenza di altro tipo e spiegane le motivazioni. Rispondi ESCLUSIVAMENTE in italiano corretto e fluente. Non usare parole in altre lingue.","Se il mio ragazzo non fa quello che voglio io, mi arrabbio.",Ho detto al mio ragazzo cosa fare.,In questo contesto la frase è tossica perché è un esempio di violenza di tipo psicologico. L'intento è quello di influenzare negativamente lo stato emotivo del partner e controllarlo. Inoltre è presente una comunicazione aggressiva atta a ridicolizzare/deridere il proprio partner.,In questo contesto la frase non è tossica perché è una normale espressione di suggerimento. L'azione è basata sul consenso e la collaborazione e mira a raggiungere un obiettivo comune.
"Data una frase nel contesto di una conversazione tra partner in una relazione sentimentale, determina se la frase è un esempio di linguaggio tossico o no. In caso affermativo, specifica se la frase rappresenta un caso di cyberviolenza o di violenza di altro tipo e spiegane le motivazioni. Rispondi ESCLUSIVAMENTE in italiano corretto e fluente. Non usare parole in altre lingue.","Il mio ragazzo mi ha chiesto aiuto, quindi gli ho detto cosa fare.",Ho detto al mio ragazzo cosa fare.,In questo contesto la frase non è tossica perché è una normale espressione di suggerimento. L'azione è basata sul consenso e la collaborazione e mira a raggiungere un obiettivo comune.,In questo contesto la frase è tossica perché è un esempio di violenza di tipo psicologico. L'intento è quello di influenzare negativamente lo stato emotivo del partner e controllarlo. Inoltre è presente una comunicazione aggressiva atta a ridicolizzare/deridere il proprio partner.
"Data una frase nel contesto di una conversazione tra partner in una relazione sentimentale, determina se la frase è un esempio di linguaggio tossico o no. In caso affermativo, specifica se la frase rappresenta un caso di cyberviolenza o di violenza di altro tipo e spiegane le motivazioni. Rispondi ESCLUSIVAMENTE in italiano corretto e fluente. Non usare parole in altre lingue.",Non vuoi farlo? Allora non voglio stare con te.,Non vuoi farlo?,"In questo contesto la frase è tossica perché è un esempio di stalking, monitoraggio e controllo. Inoltre, la comunicazione è aggressiva perché sottende una minaccia. In particolare, minaccia il partner di troncare la relazione nel caso in cui questi si opponga ad eseguire le sue istruzioni, minando la capacità di autodeterminazione della vittima. ","In questo contesto la frase non è tossica perché è una normale verifica della volontà del partner. L'intenzione è di rispettare i limiti e di accettare in modo incondizionato il rifiuto, rafforzando l'autonomia di scelta della persona."
"Data una frase nel contesto di una conversazione tra partner in una relazione sentimentale, determina se la frase è un esempio di linguaggio tossico o no. In caso affermativo, specifica se la frase rappresenta un caso di cyberviolenza o di violenza di altro tipo e spiegane le motivazioni. Rispondi ESCLUSIVAMENTE in italiano corretto e fluente. Non usare parole in altre lingue.","Non vuoi farlo? Non c'è nessun problema, stai tranquilla.",Non vuoi farlo?,"In questo contesto la frase non è tossica perché è una normale verifica della volontà del partner. L'intenzione è di rispettare i limiti e di accettare in modo incondizionato il rifiuto, rafforzando l'autonomia di scelta della persona.","In questo contesto la frase è tossica perché è un esempio di stalking, monitoraggio e controllo. Inoltre, la comunicazione è aggressiva perché sottende una minaccia. In particolare, minaccia il partner di troncare la relazione nel caso in cui questi si opponga ad eseguire le sue istruzioni, minando la capacità di autodeterminazione della vittima. "
"Data una frase nel contesto di una conversazione tra partner in una relazione sentimentale, determina se la frase è un esempio di linguaggio tossico o no. In caso affermativo, specifica se la frase rappresenta un caso di cyberviolenza o di violenza di altro tipo e spiegane le motivazioni. Rispondi ESCLUSIVAMENTE in italiano corretto e fluente. Non usare parole in altre lingue.",La mia amica mi ha parlato male del suo ragazzo insultandolo solo perché voleva uscire con i suoi amici.,Il ragazzo della mia amica vuole uscire con i suoi amici.,"In questo contesto la frase è tossica perché è un esempio di violenza di tipo psicologico. L'intento è quello di influenzare negativamente lo stato emotivo del partner e controllarlo. Inoltre, la comunicazione è aggressiva perché rivela un attacco all'altra persona in maniera rabbiosa, rude, forte, irrispettosa e volgare mediante l'uso di una espressione sconcia. In particolare, limitare le interazioni del partner con i propri amici può portare a sentimenti di isolamento e oppressione.","In questo contesto la frase non è tossica perché è una normale espressione di autonomia. La richiesta è parte di un compromesso che rispetta il bisogno di socialità del partner, essenziale per il benessere della relazione."
"Data una frase nel contesto di una conversazione tra partner in una relazione sentimentale, determina se la frase è un esempio di linguaggio tossico o no. In caso affermativo, specifica se la frase rappresenta un caso di cyberviolenza o di violenza di altro tipo e spiegane le motivazioni. Rispondi ESCLUSIVAMENTE in italiano corretto e fluente. Non usare parole in altre lingue.",Il ragazzo della mia amica vuole uscire una volta a settimana con i suoi amici in modo da poter stare con la mia amica nelle altre sere.,Il ragazzo della mia amica vuole uscire con i suoi amici.,"In questo contesto la frase non è tossica perché è una normale espressione di autonomia. La richiesta è parte di un compromesso che rispetta il bisogno di socialità del partner, essenziale per il benessere della relazione.","In questo contesto la frase è tossica perché è un esempio di violenza di tipo psicologico. L'intento è quello di influenzare negativamente lo stato emotivo del partner e controllarlo. Inoltre, la comunicazione è aggressiva perché rivela un attacco all'altra persona in maniera rabbiosa, rude, forte, irrispettosa e volgare mediante l'uso di una espressione sconcia. In particolare, limitare le interazioni del partner con i propri amici può portare a sentimenti di isolamento e oppressione."
"Data una frase nel contesto di una conversazione tra partner in una relazione sentimentale, determina se la frase è un esempio di linguaggio tossico o no. In caso affermativo, specifica se la frase rappresenta un caso di cyberviolenza o di violenza di altro tipo e spiegane le motivazioni. Rispondi ESCLUSIVAMENTE in italiano corretto e fluente. Non usare parole in altre lingue.","Non fare quella faccia, sei soltanto ridicola.",Non fare quella faccia.,"In questo contesto la frase è tossica perché è un esempio di violenza di tipo psicologico. L'intento è quello di influenzare negativamente lo stato emotivo del partner e controllarlo. Inoltre, la comunicazione è aggressiva perché rivela un attacco in maniera rabbiosa, rude, forte o irrispettosa circa le sue competenze, il carattere, il background o l'aspetto fisico. In particolare, mina l'autostima e la fiducia della persona a cui è rivolta, alimentando insicurezze e dipendenza emotiva.","In questo contesto la frase non è tossica perché è un tentativo affettuoso di distrazione e umorismo. È un modo scherzoso per alleggerire la tensione o la tristezza del partner, con l'intento di supportare e confortare."
"Data una frase nel contesto di una conversazione tra partner in una relazione sentimentale, determina se la frase è un esempio di linguaggio tossico o no. In caso affermativo, specifica se la frase rappresenta un caso di cyberviolenza o di violenza di altro tipo e spiegane le motivazioni. Rispondi ESCLUSIVAMENTE in italiano corretto e fluente. Non usare parole in altre lingue.",Il mio ragazzo mi prende in giro quando sono triste dicendomi che mi verranno le rughe se tengo il broncio.,Non fare quella faccia.,"In questo contesto la frase non è tossica perché è un tentativo affettuoso di distrazione e umorismo. È un modo scherzoso per alleggerire la tensione o la tristezza del partner, con l'intento di supportare e confortare.","In questo contesto la frase è tossica perché è un esempio di violenza di tipo psicologico. L'intento è quello di influenzare negativamente lo stato emotivo del partner e controllarlo. Inoltre, la comunicazione è aggressiva perché rivela un attacco in maniera rabbiosa, rude, forte o irrispettosa circa le sue competenze, il carattere, il background o l'aspetto fisico. In particolare, mina l'autostima e la fiducia della persona a cui è rivolta, alimentando insicurezze e dipendenza emotiva."
"Data una frase nel contesto di una conversazione tra partner in una relazione sentimentale, determina se la frase è un esempio di linguaggio tossico o no. In caso affermativo, specifica se la frase rappresenta un caso di cyberviolenza o di violenza di altro tipo e spiegane le motivazioni. Rispondi ESCLUSIVAMENTE in italiano corretto e fluente. Non usare parole in altre lingue.","Mi fido di te, ma non degli altri.",Mi fido di te.,"In questo contesto la frase è tossica perché è un esempio di violenza psicologica. Inoltre, la comunicazione è aggressiva perché rivela un attacco all'altra persona in maniera rabbiosa, rude, forte o irrispettosa circa le sue competenze, il carattere, il background o l'aspetto fisico. In particolare, tenta di giustificare il controllo posto in essere nei confronti della vittima, con uno spostamento di responsabilità verso soggetti esterni ignoti, sottendendo in questo modo un'incapacità da parte della vittima di discernere da potenziali comportamenti verso di lei dannosi.  ","In questo contesto la frase non è tossica perché è una sincera e incondizionata espressione di fiducia. Viene usata per rassicurare il partner sul legame e sulla stabilità emotiva della relazione, rafforzando il rispetto reciproco."
"Data una frase nel contesto di una conversazione tra partner in una relazione sentimentale, determina se la frase è un esempio di linguaggio tossico o no. In caso affermativo, specifica se la frase rappresenta un caso di cyberviolenza o di violenza di altro tipo e spiegane le motivazioni. Rispondi ESCLUSIVAMENTE in italiano corretto e fluente. Non usare parole in altre lingue.","Mi fido di te, lo sai.",Mi fido di te.,"In questo contesto la frase non è tossica perché è una sincera e incondizionata espressione di fiducia. Viene usata per rassicurare il partner sul legame e sulla stabilità emotiva della relazione, rafforzando il rispetto reciproco.","In questo contesto la frase è tossica perché è un esempio di violenza psicologica. Inoltre, la comunicazione è aggressiva perché rivela un attacco all'altra persona in maniera rabbiosa, rude, forte o irrispettosa circa le sue competenze, il carattere, il background o l'aspetto fisico. In particolare, tenta di giustificare il controllo posto in essere nei confronti della vittima, con uno spostamento di responsabilità verso soggetti esterni ignoti, sottendendo in questo modo un'incapacità da parte della vittima di discernere da potenziali comportamenti verso di lei dannosi.  "
"Data una frase nel contesto di una conversazione tra partner in una relazione sentimentale, determina se la frase è un esempio di linguaggio tossico o no. In caso affermativo, specifica se la frase rappresenta un caso di cyberviolenza o di violenza di altro tipo e spiegane le motivazioni. Rispondi ESCLUSIVAMENTE in italiano corretto e fluente. Non usare parole in altre lingue.",Ho detto al mio ragazzo che non possiamo stare insieme perché non sono al suo livello.,Non sono al tuo livello.,"In questo contesto la frase è tossica perché è un esempio di violenza psicologica. Inoltre, la comunicazione è aggressiva perché rivela un attacco all'altra persona in maniera rabbiosa, rude, forte o irrispettosa circa le sue competenze, il carattere, il background o l'aspetto fisico. In particolare, utilizza l'ironia per denigrare il partner considerandolo, al contrario di quanto espresso, inferiore a chi esercita la violenza psicologica. ","In questo contesto la frase non è tossica perché è una sincera autovalutazione. Viene usata per riconoscere le capacità del partner in modo umile, stabilire limiti personali e dimostrare rispetto per l'autonomia e i successi dell'altro."
"Data una frase nel contesto di una conversazione tra partner in una relazione sentimentale, determina se la frase è un esempio di linguaggio tossico o no. In caso affermativo, specifica se la frase rappresenta un caso di cyberviolenza o di violenza di altro tipo e spiegane le motivazioni. Rispondi ESCLUSIVAMENTE in italiano corretto e fluente. Non usare parole in altre lingue.",Ho detto al mio ragazzo che non possiamo sciare insieme perché non sono brava quanto lui.,Non sono al tuo livello.,"In questo contesto la frase non è tossica perché è una sincera autovalutazione. Viene usata per riconoscere le capacità del partner in modo umile, stabilire limiti personali e dimostrare rispetto per l'autonomia e i successi dell'altro.","In questo contesto la frase è tossica perché è un esempio di violenza psicologica. Inoltre, la comunicazione è aggressiva perché rivela un attacco all'altra persona in maniera rabbiosa, rude, forte o irrispettosa circa le sue competenze, il carattere, il background o l'aspetto fisico. In particolare, utilizza l'ironia per denigrare il partner considerandolo, al contrario di quanto espresso, inferiore a chi esercita la violenza psicologica. "
"Data una frase nel contesto di una conversazione tra partner in una relazione sentimentale, determina se la frase è un esempio di linguaggio tossico o no. In caso affermativo, specifica se la frase rappresenta un caso di cyberviolenza o di violenza di altro tipo e spiegane le motivazioni. Rispondi ESCLUSIVAMENTE in italiano corretto e fluente. Non usare parole in altre lingue.",Penso che se il mio ragazzo è geloso è perché mi ama.,Il mio ragazzo è un po' geloso.,"In questo contesto la frase è tossica perché è un esempio di violenza di tipo stalking, monitoraggio e controllo che comporta una serie di attenzioni e comunicazioni ricorrenti e non volute che creano paura o apprensione riguardo la salvaguardia del proprio partner. In particolare, accettare la gelosia come un segno di affetto può giustificare comportamenti dannosi all'interno della relazione, minando la fiducia reciproca e limitando la libertà individuale.","In questo contesto la frase non è tossica perché è l'onesta ammissione di un'emozione umana. La gelosia è riconosciuta e basata sull'ammirazione, ma non è usata per giustificare controllo o insicurezza patologica."
"Data una frase nel contesto di una conversazione tra partner in una relazione sentimentale, determina se la frase è un esempio di linguaggio tossico o no. In caso affermativo, specifica se la frase rappresenta un caso di cyberviolenza o di violenza di altro tipo e spiegane le motivazioni. Rispondi ESCLUSIVAMENTE in italiano corretto e fluente. Non usare parole in altre lingue.",Il mio ragazzo ha ammesso di essere un po' geloso perché mi reputa bella e gli altri ragazzi mi guardano.,Il mio ragazzo è un po' geloso.,"In questo contesto la frase non è tossica perché è l'onesta ammissione di un'emozione umana. La gelosia è riconosciuta e basata sull'ammirazione, ma non è usata per giustificare controllo o insicurezza patologica.","In questo contesto la frase è tossica perché è un esempio di violenza di tipo stalking, monitoraggio e controllo che comporta una serie di attenzioni e comunicazioni ricorrenti e non volute che creano paura o apprensione riguardo la salvaguardia del proprio partner. In particolare, accettare la gelosia come un segno di affetto può giustificare comportamenti dannosi all'interno della relazione, minando la fiducia reciproca e limitando la libertà individuale."
"Data una frase nel contesto di una conversazione tra partner in una relazione sentimentale, determina se la frase è un esempio di linguaggio tossico o no. In caso affermativo, specifica se la frase rappresenta un caso di cyberviolenza o di violenza di altro tipo e spiegane le motivazioni. Rispondi ESCLUSIVAMENTE in italiano corretto e fluente. Non usare parole in altre lingue.",Il mio ragazzo mi riduce il cibo per evitare che diventi grassa o aumenti di peso.,Il mio ragazzo controlla cosa mangio.,"In questo contesto la frase è tossica perché è una violenza di tipo stalking, monitoraggio e controllo ingiustificato verso il partner riguardo le abitudini alimentari.  Inoltre, la comunicazione è aggressiva perché rivela un attacco all'altra persona in maniera rabbiosa, rude, forte o irrispettosa circa le sue competenze, il carattere, il background o l'aspetto fisico.",In questo contesto la frase non è tossica perché è un atto di cura e supporto. Il partner metta in atto una serie di comportamenti volti ad assicurare il benessere del proprio partner. 
"Data una frase nel contesto di una conversazione tra partner in una relazione sentimentale, determina se la frase è un esempio di linguaggio tossico o no. In caso affermativo, specifica se la frase rappresenta un caso di cyberviolenza o di violenza di altro tipo e spiegane le motivazioni. Rispondi ESCLUSIVAMENTE in italiano corretto e fluente. Non usare parole in altre lingue.",Il mio ragazzo controlla cosa mangio perché sa che sono golosa e tendo ad esagerare nonostante io soffra di alcune patologie.,Il mio ragazzo controlla cosa mangio.,In questo contesto la frase non è tossica perché è un atto di cura e supporto. Il partner metta in atto una serie di comportamenti volti ad assicurare il benessere del proprio partner. ,"In questo contesto la frase è tossica perché è una violenza di tipo stalking, monitoraggio e controllo ingiustificato verso il partner riguardo le abitudini alimentari.  Inoltre, la comunicazione è aggressiva perché rivela un attacco all'altra persona in maniera rabbiosa, rude, forte o irrispettosa circa le sue competenze, il carattere, il background o l'aspetto fisico."
"Data una frase nel contesto di una conversazione tra partner in una relazione sentimentale, determina se la frase è un esempio di linguaggio tossico o no. In caso affermativo, specifica se la frase rappresenta un caso di cyberviolenza o di violenza di altro tipo e spiegane le motivazioni. Rispondi ESCLUSIVAMENTE in italiano corretto e fluente. Non usare parole in altre lingue.","Non indossare abiti corti, sembreresti soltanto una troia.",Non indossare abiti corti.,"In questo contesto la frase è tossica perché è un esempio di violenza di tipo psicologico. L'intento è quello di influenzare negativamente lo stato emotivo del partner e controllarlo mediante l'uso di un'espressione sconcia. In particolare, è presente un atteggiamento di controllo e giudizio nell'ambito della relazione. Criticare il modo in cui una persona si veste è una forma di manipolazione che mina l'autostima e la libertà individuale. Può creare un ambiente in cui la persona si sente costantemente giudicata e non accettata per chi è veramente.",In questo contesto la frase non è tossica perché è una normale espressione di cura finalizzata alla salute e al benessere fisico del partner. È un consiglio che rispetta l'autonomia di scelta finale del partner.
"Data una frase nel contesto di una conversazione tra partner in una relazione sentimentale, determina se la frase è un esempio di linguaggio tossico o no. In caso affermativo, specifica se la frase rappresenta un caso di cyberviolenza o di violenza di altro tipo e spiegane le motivazioni. Rispondi ESCLUSIVAMENTE in italiano corretto e fluente. Non usare parole in altre lingue.","Non indossare abiti corti, fa tanto freddo fuori e credo che tra poco pioverà.",Non indossare abiti corti.,In questo contesto la frase non è tossica perché è una normale espressione di cura finalizzata alla salute e al benessere fisico del partner. È un consiglio che rispetta l'autonomia di scelta finale del partner.,"In questo contesto la frase è tossica perché è un esempio di violenza di tipo psicologico. L'intento è quello di influenzare negativamente lo stato emotivo del partner e controllarlo mediante l'uso di un'espressione sconcia. In particolare, è presente un atteggiamento di controllo e giudizio nell'ambito della relazione. Criticare il modo in cui una persona si veste è una forma di manipolazione che mina l'autostima e la libertà individuale. Può creare un ambiente in cui la persona si sente costantemente giudicata e non accettata per chi è veramente."
"Data una frase nel contesto di una conversazione tra partner in una relazione sentimentale, determina se la frase è un esempio di linguaggio tossico o no. In caso affermativo, specifica se la frase rappresenta un caso di cyberviolenza o di violenza di altro tipo e spiegane le motivazioni. Rispondi ESCLUSIVAMENTE in italiano corretto e fluente. Non usare parole in altre lingue.","Non truccarti, sei più bella al naturale.",Sei più bella al naturale.,"In questo contesto la frase è tossica perché è un esempio di violenza di tipo stalking, monitoraggio o controllo. Inoltre, la comunicazione è aggressiva perché rivela un attacco all'altra persona in maniera rabbiosa, rude, forte o irrispettosa circa le sue competenze, il carattere, il background o l'aspetto fisico. In particolare, esprime una forma di monitoraggio e controllo ingiustificato verso il partner mascherando la manipolazione con artifizi come l'adulazione. ","In questo contesto la frase non è tossica perché è un sincero complimento e un'espressione di ammirazione. È una dichiarazione di preferenza che celebra la bellezza autentica, offrendo accettazione e affetto incondizionato."
"Data una frase nel contesto di una conversazione tra partner in una relazione sentimentale, determina se la frase è un esempio di linguaggio tossico o no. In caso affermativo, specifica se la frase rappresenta un caso di cyberviolenza o di violenza di altro tipo e spiegane le motivazioni. Rispondi ESCLUSIVAMENTE in italiano corretto e fluente. Non usare parole in altre lingue.","Nonostante le mie imperfezioni, il mio ragazzo apprezza il mio viso senza trucco.",Sei più bella al naturale.,"In questo contesto la frase non è tossica perché è un sincero complimento e un'espressione di ammirazione. È una dichiarazione di preferenza che celebra la bellezza autentica, offrendo accettazione e affetto incondizionato.","In questo contesto la frase è tossica perché è un esempio di violenza di tipo stalking, monitoraggio o controllo. Inoltre, la comunicazione è aggressiva perché rivela un attacco all'altra persona in maniera rabbiosa, rude, forte o irrispettosa circa le sue competenze, il carattere, il background o l'aspetto fisico. In particolare, esprime una forma di monitoraggio e controllo ingiustificato verso il partner mascherando la manipolazione con artifizi come l'adulazione. "
"Data una frase nel contesto di una conversazione tra partner in una relazione sentimentale, determina se la frase è un esempio di linguaggio tossico o no. In caso affermativo, specifica se la frase rappresenta un caso di cyberviolenza o di violenza di altro tipo e spiegane le motivazioni. Rispondi ESCLUSIVAMENTE in italiano corretto e fluente. Non usare parole in altre lingue.",La ragazza del mio amico cancella sempre tutte le chat per evitare che scopra i suoi tradimenti.,La ragazza del mio amico cancella sempre tutte le chat.,"In questo contesto la frase è tossica perché è un esempio di violenza di tipo stalking, monitoraggio e controllo che comporta una serie di attenzioni e comunicazioni ricorrenti e non volute che creano paura o apprensione riguardo la salvaguardia del proprio partner. In particolare, viene promosso un comportamento apparentemente leale nei confronti della vittima a cui viene nascosta la verità.","In questo contesto la frase non è tossica perché è una normale abitudine o necessità logistica. Cancellare le chat è motivato da esigenze di spazio sul dispositivo o da abitudini legate alla privacy personale, senza intenti di inganno."
"Data una frase nel contesto di una conversazione tra partner in una relazione sentimentale, determina se la frase è un esempio di linguaggio tossico o no. In caso affermativo, specifica se la frase rappresenta un caso di cyberviolenza o di violenza di altro tipo e spiegane le motivazioni. Rispondi ESCLUSIVAMENTE in italiano corretto e fluente. Non usare parole in altre lingue.",La ragazza del mio amico cancella sempre tutte le chat perché ha poca memoria nel cellulare.,La ragazza del mio amico cancella sempre tutte le chat.,"In questo contesto la frase non è tossica perché è  una normale abitudine o necessità logistica. Cancellare le chat è motivato da esigenze di spazio sul dispositivo o da abitudini legate alla privacy personale, senza intenti di inganno.","In questo contesto la frase è tossica perché è un esempio di violenza di tipo stalking, monitoraggio e controllo che comporta una serie di attenzioni e comunicazioni ricorrenti e non volute che creano paura o apprensione riguardo la salvaguardia del proprio partner. In particolare, viene promosso un comportamento apparentemente leale nei confronti della vittima a cui viene nascosta la verità."
"Data una frase nel contesto di una conversazione tra partner in una relazione sentimentale, determina se la frase è un esempio di linguaggio tossico o no. In caso affermativo, specifica se la frase rappresenta un caso di cyberviolenza o di violenza di altro tipo e spiegane le motivazioni. Rispondi ESCLUSIVAMENTE in italiano corretto e fluente. Non usare parole in altre lingue.",Puoi darmi il tuo cellulare? Devo vedere con chi stai parlando.,Puoi darmi il tuo cellulare?,In questo contesto la frase è tossica perché è un esempio di violenza cyber stalking. Esprime una forma di monitoraggio e controllo ingiustificato verso il partner richiedendogli l'accesso completo allo smartphone personale.,"In questo contesto la frase non è tossica perché è una normale richiesta di aiuto. La motivazione è pratica e dimostra fiducia, senza alcuna intenzione di invadere la privacy o controllare il partner."
"Data una frase nel contesto di una conversazione tra partner in una relazione sentimentale, determina se la frase è un esempio di linguaggio tossico o no. In caso affermativo, specifica se la frase rappresenta un caso di cyberviolenza o di violenza di altro tipo e spiegane le motivazioni. Rispondi ESCLUSIVAMENTE in italiano corretto e fluente. Non usare parole in altre lingue.",Puoi darmi il tuo cellulare? Il mio si è scaricato.,Puoi darmi il tuo cellulare?,"In questo contesto la frase non è tossica perché è una normale richiesta di aiuto. La motivazione è pratica e dimostra fiducia, senza alcuna intenzione di invadere la privacy o controllare il partner.",In questo contesto la frase è tossica perché è un esempio di violenza cyber stalking. Esprime una forma di monitoraggio e controllo ingiustificato verso il partner richiedendogli l'accesso completo allo smartphone personale.
"Data una frase nel contesto di una conversazione tra partner in una relazione sentimentale, determina se la frase è un esempio di linguaggio tossico o no. In caso affermativo, specifica se la frase rappresenta un caso di cyberviolenza o di violenza di altro tipo e spiegane le motivazioni. Rispondi ESCLUSIVAMENTE in italiano corretto e fluente. Non usare parole in altre lingue.","Non farti fotografare con lei, è una schifosa.",Non farti fotografare con lei.,"In questo contesto la frase è tossica perché è un esempio di violenza di tipo psicologico. L'intento è quello di influenzare negativamente lo stato emotivo del partner e controllarlo. Inoltre, la comunicazione è aggressiva perché rivela un attacco ad un'altra persona in maniera rabbiosa, rude, forte, irrispettosa e volgare mediante l'uso di una espressione sconcia. Infine si cerca di controllare la vittima, dandole un ordine, ledendo così la sua libertà personale.",In questo contesto la frase non è tossica perché è una normale espressione di cura e preoccupazione finalizzata alla tutela della sicurezza o della privacy del partner in relazione a un rischio oggettivo esterno.
"Data una frase nel contesto di una conversazione tra partner in una relazione sentimentale, determina se la frase è un esempio di linguaggio tossico o no. In caso affermativo, specifica se la frase rappresenta un caso di cyberviolenza o di violenza di altro tipo e spiegane le motivazioni. Rispondi ESCLUSIVAMENTE in italiano corretto e fluente. Non usare parole in altre lingue.","Non farti fotografare con lei, non vorrei che fossi coinvolta anche tu nella vicenda.",Non farti fotografare con lei.,In questo contesto la frase non è tossica perché è una normale espressione di cura e preoccupazione finalizzata alla tutela della sicurezza o della privacy del partner in relazione a un rischio oggettivo esterno.,"In questo contesto la frase è tossica perché è un esempio di violenza di tipo psicologico. L'intento è quello di influenzare negativamente lo stato emotivo del partner e controllarlo. Inoltre, la comunicazione è aggressiva perché rivela un attacco ad un'altra persona in maniera rabbiosa, rude, forte, irrispettosa e volgare mediante l'uso di una espressione sconcia. Infine si cerca di controllare la vittima, dandole un ordine, ledendo così la sua libertà personale."
"Data una frase nel contesto di una conversazione tra partner in una relazione sentimentale, determina se la frase è un esempio di linguaggio tossico o no. In caso affermativo, specifica se la frase rappresenta un caso di cyberviolenza o di violenza di altro tipo e spiegane le motivazioni. Rispondi ESCLUSIVAMENTE in italiano corretto e fluente. Non usare parole in altre lingue.",Come mai sei online a quest'ora? Ti ho detto che non puoi usare il cellulare quando non sei con me.,Come mai sei online a quest'ora?,"In questo contesto la frase è tossica perché è un esempio di violenza cyber di tipo Cyber stalking, monitoraggio e controllo. Viene usata la tecnologia per avere informazioni sul proprio partner alimentando dinamiche che creano o aumentano controllo all’interno della relazione.  Inoltre, la comunicazione è aggressiva perché rivela un attacco all'altra persona in maniera rabbiosa, rude, forte e minacciosa.","In questo contesto la frase non è tossica perché è una normale espressione di cura e preoccupazione per il benessere del partner. La domanda mira a verificare la salute e il riposo della persona, senza intenti di controllo o sorveglianza."
"Data una frase nel contesto di una conversazione tra partner in una relazione sentimentale, determina se la frase è un esempio di linguaggio tossico o no. In caso affermativo, specifica se la frase rappresenta un caso di cyberviolenza o di violenza di altro tipo e spiegane le motivazioni. Rispondi ESCLUSIVAMENTE in italiano corretto e fluente. Non usare parole in altre lingue.",Come mai sei online a quest'ora? Non riesci a dormire?,Come mai sei online a quest'ora?,"In questo contesto la frase non è tossica perché è una normale espressione di cura e preoccupazione per il benessere del partner. La domanda mira a verificare la salute e il riposo della persona, senza intenti di controllo o sorveglianza.","In questo contesto la frase è tossica perché è un esempio di violenza cyber di tipo Cyber stalking, monitoraggio e controllo. Viene usata la tecnologia per avere informazioni sul proprio partner alimentando dinamiche che creano o aumentano controllo all’interno della relazione.  Inoltre, la comunicazione è aggressiva perché rivela un attacco all'altra persona in maniera rabbiosa, rude, forte e minacciosa."
"Data una frase nel contesto di una conversazione tra partner in una relazione sentimentale, determina se la frase è un esempio di linguaggio tossico o no. In caso affermativo, specifica se la frase rappresenta un caso di cyberviolenza o di violenza di altro tipo e spiegane le motivazioni. Rispondi ESCLUSIVAMENTE in italiano corretto e fluente. Non usare parole in altre lingue.","Quando discutiamo, io e il mio ragazzo portiamo alla luce i nostri errori accusandoci a vicenda.",Portiamo alla luce i nostri errori.,"In questo contesto la frase è tossica perché è un esempio di violenza di tipo psicologico. L'intento è quello di influenzare negativamente lo stato emotivo del partner e controllarlo.  Inoltre, la comunicazione è aggressiva perché rivela un attacco all'altra persona in maniera rabbiosa, rude, forte o irrispettosa circa le sue competenze, il carattere, il background o l'aspetto fisico. In particolare, questa frase indica una comunicazione tossica all'interno di una relazione, alimentando un ciclo di accuse reciproche anziché affrontare i problemi con empatia. La mancanza di comprensione e l'ostilità risultante possono minare la fiducia e danneggiare il legame emotivo tra le persone coinvolte.","In questo contesto la frase non è tossica perché è  una normale e sana pratica comunicativa. Lo scopo è il miglioramento e la crescita individuale e di coppia, mantenendo un focus costruttivo e supportivo sulla risoluzione dei problemi."
"Data una frase nel contesto di una conversazione tra partner in una relazione sentimentale, determina se la frase è un esempio di linguaggio tossico o no. In caso affermativo, specifica se la frase rappresenta un caso di cyberviolenza o di violenza di altro tipo e spiegane le motivazioni. Rispondi ESCLUSIVAMENTE in italiano corretto e fluente. Non usare parole in altre lingue.","Quando discutiamo, io e il mio ragazzo portiamo alla luce i nostri errori per migliorarci a vicenda.",Portiamo alla luce i nostri errori.,"In questo contesto la frase non è tossica perché è  una normale e sana pratica comunicativa. Lo scopo è il miglioramento e la crescita individuale e di coppia, mantenendo un focus costruttivo e supportivo sulla risoluzione dei problemi.","In questo contesto la frase è tossica perché è un esempio di violenza di tipo psicologico. L'intento è quello di influenzare negativamente lo stato emotivo del partner e controllarlo.  Inoltre, la comunicazione è aggressiva perché rivela un attacco all'altra persona in maniera rabbiosa, rude, forte o irrispettosa circa le sue competenze, il carattere, il background o l'aspetto fisico. In particolare, questa frase indica una comunicazione tossica all'interno di una relazione, alimentando un ciclo di accuse reciproche anziché affrontare i problemi con empatia. La mancanza di comprensione e l'ostilità risultante possono minare la fiducia e danneggiare il legame emotivo tra le persone coinvolte."
"Data una frase nel contesto di una conversazione tra partner in una relazione sentimentale, determina se la frase è un esempio di linguaggio tossico o no. In caso affermativo, specifica se la frase rappresenta un caso di cyberviolenza o di violenza di altro tipo e spiegane le motivazioni. Rispondi ESCLUSIVAMENTE in italiano corretto e fluente. Non usare parole in altre lingue.",Dovrei andare dal ginecologo ma il mio ragazzo me lo proibisce.,Dovrei andare dal ginecologo.,"In questo contesto la frase è tossica perché è un esempio di violenza di tipo stalking, monitoraggio e controllo che comporta una serie di attenzioni e comunicazioni ricorrenti e non volute che creano paura o apprensione riguardo la salvaguardia del proprio partner. In particolare, limitare l'accesso alla cura medica, come una visita dal ginecologo, può mettere a rischio la salute fisica e mentale della persona e indicare un atteggiamento di controllo e manipolazione all'interno della relazione.","In questo contesto la frase non è tossica perché è una normale espressione di autonomia decisionale. La scelta di sottoporsi a visite mediche, comprese quelle ginecologiche, rientra nel diritto inalienabile alla salute di ogni individuo. La relazione di coppia non conferisce al partner alcun diritto di interferenza su decisioni mediche personali. La fiducia e l'esclusività non sono condizioni per negare il benessere fisico."
"Data una frase nel contesto di una conversazione tra partner in una relazione sentimentale, determina se la frase è un esempio di linguaggio tossico o no. In caso affermativo, specifica se la frase rappresenta un caso di cyberviolenza o di violenza di altro tipo e spiegane le motivazioni. Rispondi ESCLUSIVAMENTE in italiano corretto e fluente. Non usare parole in altre lingue.",Dovrei andare dal ginecologo è il mio ragazzo si è offerto di accompagnarmi.,Dovrei andare dal ginecologo.,"In questo contesto la frase non è tossica perché è una normale espressione di autonomia decisionale. La scelta di sottoporsi a visite mediche, comprese quelle ginecologiche, rientra nel diritto inalienabile alla salute di ogni individuo. La relazione di coppia non conferisce al partner alcun diritto di interferenza su decisioni mediche personali. La fiducia e l'esclusività non sono condizioni per negare il benessere fisico.","In questo contesto la frase è tossica perché è un esempio di violenza di tipo stalking, monitoraggio e controllo che comporta una serie di attenzioni e comunicazioni ricorrenti e non volute che creano paura o apprensione riguardo la salvaguardia del proprio partner. In particolare, limitare l'accesso alla cura medica, come una visita dal ginecologo, può mettere a rischio la salute fisica e mentale della persona e indicare un atteggiamento di controllo e manipolazione all'interno della relazione."
"Data una frase nel contesto di una conversazione tra partner in una relazione sentimentale, determina se la frase è un esempio di linguaggio tossico o no. In caso affermativo, specifica se la frase rappresenta un caso di cyberviolenza o di violenza di altro tipo e spiegane le motivazioni. Rispondi ESCLUSIVAMENTE in italiano corretto e fluente. Non usare parole in altre lingue.",Stai parlando con me? Allora non devi parlare con nessun altro.,Stai parlando con me?,"In questo contesto la frase è tossica perché è un esempio di violenza di tipo stalking, monitoraggio e controllo che comporta una serie di attenzioni e comunicazioni ricorrenti e non volute che creano paura o apprensione riguardo la salvaguardia del proprio partner. In particolare, limitare la libertà di interagire con altre persone può portare a sentimenti di isolamento e oppressione.",In questo contesto la frase non è tossica perché è una normale richiesta di chiarimento per risolvere un problema pratico di comunicazione. Mira a ristabilire il dialogo in modo neutro e rispettoso.
"Data una frase nel contesto di una conversazione tra partner in una relazione sentimentale, determina se la frase è un esempio di linguaggio tossico o no. In caso affermativo, specifica se la frase rappresenta un caso di cyberviolenza o di violenza di altro tipo e spiegane le motivazioni. Rispondi ESCLUSIVAMENTE in italiano corretto e fluente. Non usare parole in altre lingue.",Stai parlando con me? Scusa ma non ti ho sentita perché avevo gli auricolari.,Stai parlando con me?,In questo contesto la frase non è tossica perché è una normale richiesta di chiarimento per risolvere un problema pratico di comunicazione. Mira a ristabilire il dialogo in modo neutro e rispettoso.,"In questo contesto la frase è tossica perché è un esempio di violenza di tipo stalking, monitoraggio e controllo che comporta una serie di attenzioni e comunicazioni ricorrenti e non volute che creano paura o apprensione riguardo la salvaguardia del proprio partner. In particolare, limitare la libertà di interagire con altre persone può portare a sentimenti di isolamento e oppressione."
"Data una frase nel contesto di una conversazione tra partner in una relazione sentimentale, determina se la frase è un esempio di linguaggio tossico o no. In caso affermativo, specifica se la frase rappresenta un caso di cyberviolenza o di violenza di altro tipo e spiegane le motivazioni. Rispondi ESCLUSIVAMENTE in italiano corretto e fluente. Non usare parole in altre lingue.","Sei debole, piangi per ogni cosa.",Sei debole.,"In questo contesto la frase è tossica perché è un esempio di violenza di tipo psicologico. L'intento è quello di influenzare negativamente lo stato emotivo del partner e controllarlo. Inoltre, la comunicazione è aggressiva perché rivela un attacco all'altra persona in maniera rabbiosa, rude, forte o irrispettosa circa le sue competenze, il carattere, il background o l'aspetto fisico. In particolare, evidenzia un comportamento manipolativo e dannoso che mina l'autostima del partner. Ridicolizzare le esternazioni emotive dell'altro può generare sentimenti di inferiorità e insicurezza, creando un ambiente tossico e disfunzionale all'interno della relazione.","In questo contesto la frase non è tossica perché è una normale espressione di cura e preoccupazione per la salute fisica del partner. È usata per suggerire supporto, non per criticare o svalutare la persona."
"Data una frase nel contesto di una conversazione tra partner in una relazione sentimentale, determina se la frase è un esempio di linguaggio tossico o no. In caso affermativo, specifica se la frase rappresenta un caso di cyberviolenza o di violenza di altro tipo e spiegane le motivazioni. Rispondi ESCLUSIVAMENTE in italiano corretto e fluente. Non usare parole in altre lingue.","Sei ancora debole, è meglio se non vai al lavoro oggi.",Sei debole.,"In questo contesto la frase non è tossica perché è una normale espressione di cura e preoccupazione per la salute fisica del partner. È usata per suggerire supporto, non per criticare o svalutare la persona.","In questo contesto la frase è tossica perché è un esempio di violenza di tipo psicologico. L'intento è quello di influenzare negativamente lo stato emotivo del partner e controllarlo. Inoltre, la comunicazione è aggressiva perché rivela un attacco all'altra persona in maniera rabbiosa, rude, forte o irrispettosa circa le sue competenze, il carattere, il background o l'aspetto fisico. In particolare, evidenzia un comportamento manipolativo e dannoso che mina l'autostima del partner. Ridicolizzare le esternazioni emotive dell'altro può generare sentimenti di inferiorità e insicurezza, creando un ambiente tossico e disfunzionale all'interno della relazione."
"Data una frase nel contesto di una conversazione tra partner in una relazione sentimentale, determina se la frase è un esempio di linguaggio tossico o no. In caso affermativo, specifica se la frase rappresenta un caso di cyberviolenza o di violenza di altro tipo e spiegane le motivazioni. Rispondi ESCLUSIVAMENTE in italiano corretto e fluente. Non usare parole in altre lingue.",La mia ragazza mi ha costretto a disattivare l'account Instagram perché era gelosa di chi seguivo.,Ho disattivato il mio account su Instagram.,"In questo contesto la frase è tossica perché è un esempio di violenza cyber di tipo cyber stalking, monitoraggio e controllo. Viene usata la tecnologia per avere informazioni sul proprio partner alimentando dinamiche che creano o aumentano controllo all’interno della relazione. In particolare, evidenzia un atteggiamento di gelosia nei confronti della vita sociale online del partner implicando una mancanza di fiducia e un desiderio di controllare le interazioni del partner, minando la sua libertà e autonomia.",In questo contesto la frase non è tossica perché è una libera scelta personale per il benessere o la salute digitale. Non è legata all'imposizione o al controllo di un partner.
"Data una frase nel contesto di una conversazione tra partner in una relazione sentimentale, determina se la frase è un esempio di linguaggio tossico o no. In caso affermativo, specifica se la frase rappresenta un caso di cyberviolenza o di violenza di altro tipo e spiegane le motivazioni. Rispondi ESCLUSIVAMENTE in italiano corretto e fluente. Non usare parole in altre lingue.",Ho disattivato il mio account Instagram perché volevo concentrarmi sugli esami all'università e lo trovavo una distrazione.,Ho disattivato il mio account su Instagram.,In questo contesto la frase non è tossica perché è una libera scelta personale per il benessere o la salute digitale. Non è legata all'imposizione o al controllo di un partner.,"In questo contesto la frase è tossica perché è un esempio di violenza cyber di tipo cyber stalking, monitoraggio e controllo. Viene usata la tecnologia per avere informazioni sul proprio partner alimentando dinamiche che creano o aumentano controllo all’interno della relazione. In particolare, evidenzia un atteggiamento di gelosia nei confronti della vita sociale online del partner implicando una mancanza di fiducia e un desiderio di controllare le interazioni del partner, minando la sua libertà e autonomia."
"Data una frase nel contesto di una conversazione tra partner in una relazione sentimentale, determina se la frase è un esempio di linguaggio tossico o no. In caso affermativo, specifica se la frase rappresenta un caso di cyberviolenza o di violenza di altro tipo e spiegane le motivazioni. Rispondi ESCLUSIVAMENTE in italiano corretto e fluente. Non usare parole in altre lingue.","Quando il mio ragazzo è arrabbiato con me, smette di rispondermi.",Il mio ragazzo non mi risponde.,"In questo contesto la frase è tossica perché è un esempio di violenza psicologica. Inoltre, la comunicazione è aggressiva perché rivela un attacco all'altra persona al fine di ridicolizzarla. In particolare, esprime il disagio provato dalla vittima nell'essere oggetto della punizione del silenzio da parte del partner senza che questo dia motivazione e/o spiegazione alcuna. ",In questo contesto la frase non è tossica perché è l'effetto di un problema. L'interruzione della comunicazione è involontaria ed è dovuta a cause esterne e non a una scelta intenzionale per manipolare.
"Data una frase nel contesto di una conversazione tra partner in una relazione sentimentale, determina se la frase è un esempio di linguaggio tossico o no. In caso affermativo, specifica se la frase rappresenta un caso di cyberviolenza o di violenza di altro tipo e spiegane le motivazioni. Rispondi ESCLUSIVAMENTE in italiano corretto e fluente. Non usare parole in altre lingue.","Il mio ragazzo non mi risponde, sicuramente si sarà scaricato il suo cellulare.",Il mio ragazzo non mi risponde.,In questo contesto la frase non è tossica perché è  l'effetto di un problema. L'interruzione della comunicazione è involontaria ed è dovuta a cause esterne e non a una scelta intenzionale per manipolare.,"In questo contesto la frase è tossica perché è un esempio di violenza psicologica. Inoltre, la comunicazione è aggressiva perché rivela un attacco all'altra persona al fine di ridicolizzarla. In particolare, esprime il disagio provato dalla vittima nell'essere oggetto della punizione del silenzio da parte del partner senza che questo dia motivazione e/o spiegazione alcuna. "
"Data una frase nel contesto di una conversazione tra partner in una relazione sentimentale, determina se la frase è un esempio di linguaggio tossico o no. In caso affermativo, specifica se la frase rappresenta un caso di cyberviolenza o di violenza di altro tipo e spiegane le motivazioni. Rispondi ESCLUSIVAMENTE in italiano corretto e fluente. Non usare parole in altre lingue.","Ricordati, nessuno al mondo ti amerà più di me.",Nessuno al mondo ti amerà più di me.,"In questo contesto la frase è tossica perché è un esempio di violenza psicologica. Inoltre, la comunicazione è aggressiva perché rivela un attacco all'altra persona in maniera rabbiosa, rude, forte o irrispettosa circa le sue competenze, il carattere, il background o l'aspetto fisico. In particolare, tenta di instillare nei confronti della vittima un senso di rassegnazione riguardo la possibilità di incontrare nella propria vita un partner migliore di quello che sta attaccando la vittima, generando sconforto e alterando la percezione della realtà.  ","In questo contesto la frase non è tossica perché è una sincera dichiarazione d'amore. Esprime l'unicità e la profondità del legame in modo affettuoso, senza l'intenzione di manipolare o limitare la libertà e l'autonomia del partner."
"Data una frase nel contesto di una conversazione tra partner in una relazione sentimentale, determina se la frase è un esempio di linguaggio tossico o no. In caso affermativo, specifica se la frase rappresenta un caso di cyberviolenza o di violenza di altro tipo e spiegane le motivazioni. Rispondi ESCLUSIVAMENTE in italiano corretto e fluente. Non usare parole in altre lingue.","Dopo aver superato questo momento difficile, il mio ragazzo mi ha dichiarato i suoi sentimenti.",Nessuno al mondo ti amerà più di me.,"In questo contesto la frase non è tossica perché è una sincera dichiarazione d'amore. Esprime l'unicità e la profondità del legame in modo affettuoso, senza l'intenzione di manipolare o limitare la libertà e l'autonomia del partner.","In questo contesto la frase è tossica perché è un esempio di violenza psicologica. Inoltre, la comunicazione è aggressiva perché rivela un attacco all'altra persona in maniera rabbiosa, rude, forte o irrispettosa circa le sue competenze, il carattere, il background o l'aspetto fisico. In particolare, tenta di instillare nei confronti della vittima un senso di rassegnazione riguardo la possibilità di incontrare nella propria vita un partner migliore di quello che sta attaccando la vittima, generando sconforto e alterando la percezione della realtà.  "
"Data una frase nel contesto di una conversazione tra partner in una relazione sentimentale, determina se la frase è un esempio di linguaggio tossico o no. In caso affermativo, specifica se la frase rappresenta un caso di cyberviolenza o di violenza di altro tipo e spiegane le motivazioni. Rispondi ESCLUSIVAMENTE in italiano corretto e fluente. Non usare parole in altre lingue.",Il mio ragazzo mi ha chiesto cosa ho comprato perché vuole tenere traccia di tutto ciò che compro.,Il mio ragazzo mi ha chiesto cosa ho comprato.,"In questo contesto la frase è tossica perché è un esempio di violenza di tipo stalking, monitoraggio e controllo che comporta una serie di attenzioni e comunicazioni ricorrenti e non volute che creano paura o apprensione riguardo la salvaguardia del proprio partner. In particolare, tenere traccia di ogni acquisto di una persona implica una mancanza di fiducia e rispetto per la sua privacy e autonomia finanziaria. Questo comportamento può far sentire la persona monitorata intrappolata e priva di libertà, generando ansia e tensione nella relazione.","In questo contesto la frase non è tossica perché è una normale espressione di interesse. La curiosità è volta alla condivisione di un momento, senza intenti di critica o di controllo finanziario."
"Data una frase nel contesto di una conversazione tra partner in una relazione sentimentale, determina se la frase è un esempio di linguaggio tossico o no. In caso affermativo, specifica se la frase rappresenta un caso di cyberviolenza o di violenza di altro tipo e spiegane le motivazioni. Rispondi ESCLUSIVAMENTE in italiano corretto e fluente. Non usare parole in altre lingue.",Il mio ragazzo mi ha chiesto cosa ho comprato perché è curioso di vedere come mi stanno i nuovi vestiti.,Il mio ragazzo mi ha chiesto cosa ho comprato.,"In questo contesto la frase non è tossica perché è una normale espressione di interesse. La curiosità è volta alla condivisione di un momento, senza intenti di critica o di controllo finanziario.","In questo contesto la frase è tossica perché è un esempio di violenza di tipo stalking, monitoraggio e controllo che comporta una serie di attenzioni e comunicazioni ricorrenti e non volute che creano paura o apprensione riguardo la salvaguardia del proprio partner. In particolare, tenere traccia di ogni acquisto di una persona implica una mancanza di fiducia e rispetto per la sua privacy e autonomia finanziaria. Questo comportamento può far sentire la persona monitorata intrappolata e priva di libertà, generando ansia e tensione nella relazione."
